rows,oid,ogroup_id,oplan_title,oprice,oabsence,osertification,omark,omin,omax,otime,obranch,group,grade,course,price,title
389,417,9,احکام از ابتدای رساله مبحث دماء ثلاثه,200000,3,no,14,1,100,12,9,معارف قرآن و حدیث,جوان,احکام,20000,احکام دماء ثلاثه
397,425,9,احکام از ابتدای رساله مبحث نماز,200000,3,no,14,1,100,12,9,معارف قرآن و حدیث,جوان,احکام,20000,احکام نماز
273,301,9,احکام ازابتدای رساله,200000,4,no,21,15,100,NULL,9,معارف قرآن و حدیث,جوان,احکام,20000,احکام از ابتدای رساله
4,197,9,احکام بانوان,200000,5,yes,14,15,75,12,9,معارف قرآن و حدیث,نوجوان,احکام,20000,احکام بانوان
169,197,9,احکام بانوان,200000,5,yes,14,15,75,12,9,معارف قرآن و حدیث,جوان,احکام,20000,احکام بانوان
170,198,9,احکام خمس,200000,5,yes,14,15,75,NULL,9,معارف قرآن و حدیث,جوان,احکام,20000,احکام خمس
151,178,6,احکام عمومی,0,10,yes,15,1,999,15,3,معارف قرآن و حدیث,جوان,احکام,0,احکام عمومی
222,250,30,احکام قرآنی,0,0,no,15,10,30,NULL,2,معارف قرآن و حدیث,جوان,احکام,0,احکام قرآنی
26,51,27,احکام,150000,2,yes,14,25,70,NULL,2,معارف قرآن و حدیث,جوان,احکام,15000,احکام کاربردی
36,61,27,احکام نوجوانان,150000,2,yes,14,20,70,NULL,2,معارف قرآن و حدیث,جوان,احکام,15000,احکام نوجوانان
171,199,9,احکام نوجوانان,200000,5,yes,14,10,50,NULL,9,معارف قرآن و حدیث,جوان,احکام,20000,احکام نوجوانان
354,382,6,احکام ویژه بانوان,0,10,yes,15,10,2000,15,3,معارف قرآن و حدیث,جوان,احکام,0,احکام ویژه بانوان
195,223,21,عبادات,100000,9,yes,14,20,50,NULL,10,معارف قرآن و حدیث,جوان,احکام,10000,عبادات
14,445,9,احکام کوتاه مدت مبحث مبطلات روزه,200000,3,no,21,2,100,12,9,معارف قرآن و حدیث,جوان,احکام,20000,احکام کوتاه مدت مبحث مبطلات روزه
15,451,9,احکام کوتاه مدت مباحث تقلید، طهارت نماز، وضو، غسل، دماء الثلاثه,200000,3,no,21,14,60,12,9,معارف قرآن و حدیث,جوان,احکام,20000,احکام کوتاه مدت مباحث تقلید، طهارت نماز، وضو، غسل، دماء الثلاثه
16,452,9,احکام کوتاه مدت مباحث تیمم، نجاسات، مطهرات، وقت نماز، قبله، مکان نماز گزار، واجبات نماز,200000,3,no,14,10,50,12,9,معارف قرآن و حدیث,جوان,احکام,20000,احکام کوتاه مدت مباحث تیمم، نجاسات، مطهرات، وقت نماز، قبله، مکان نماز گزار، واجبات نماز
17,453,9,احکام کوتاه مدت مباحث روزه، اعتکاف، زکات، خمس، حج، امر به معروف و نهی از منکر، جهاد، خرید و فروش، نذر و عهد و قسم، کفارات، خوراکی ها,200000,3,no,14,10,50,12,9,معارف قرآن و حدیث,جوان,احکام,20000,احکام کوتاه مدت مباحث روزه، اعتکاف، زکات، خمس، حج، امر به معروف و نهی از منکر، جهاد، خرید و فروش، نذر و عهد و قسم، کفارات، خوراکی ها
18,454,9,احکام بلند مدت مباحث غسل، تیمم، احکام نجاسات و مطهرات,200000,3,no,14,10,50,12,9,معارف قرآن و حدیث,جوان,احکام,20000,احکام بلند مدت مباحث غسل، تیمم، احکام نجاسات و مطهرات
19,455,9,احکام بلند مدت مباحث مطهرات، وقت نماز، مکان و لباس نماز گزار ، قبله، اذان و اقامه، احکام مسجد,200000,3,no,14,10,50,12,9,معارف قرآن و حدیث,جوان,احکام,20000,احکام بلند مدت مباحث مطهرات، وقت نماز، مکان و لباس نماز گزار ، قبله، اذان و اقامه، احکام مسجد
27,52,27,اخلاق,150000,2,yes,14,25,70,NULL,2,معارف قرآن و حدیث,جوان,اخلاق و تربیت اسلامی,15000,اخلاق
184,212,17,اخلاق در قرآن,200000,4,yes,15,15,75,NULL,9,معارف قرآن و حدیث,جوان,اخلاق و تربیت اسلامی,20000,اخلاق در قرآن
293,321,17,اخلاق در قرآن,200000,4,yes,14,10,25,NULL,9,معارف قرآن و حدیث,جوان,اخلاق و تربیت اسلامی,20000,اخلاق در قرآن
285,313,10,اخلاق در نهج البلاغه,200000,2,yes,14,10,50,NULL,9,معارف قرآن و حدیث,جوان,اخلاق و تربیت اسلامی,20000,اخلاق در نهج البلاغه
282,310,17,اخلاق محمدی,200000,4,yes,14,10,35,NULL,9,معارف قرآن و حدیث,جوان,اخلاق و تربیت اسلامی,20000,اخلاق محمدی
303,331,17,اخلاق محمدی,200000,3,yes,14,0,50,14,9,معارف قرآن و حدیث,جوان,اخلاق و تربیت اسلامی,20000,اخلاق محمدی
304,332,17,اخلاق محمدی,150000,4,yes,14,10,50,NULL,9,معارف قرآن و حدیث,جوان,اخلاق و تربیت اسلامی,15000,اخلاق محمدی
219,247,30,اخلاق معلمی,0,0,no,15,10,30,NULL,2,معارف قرآن و حدیث,جوان,اخلاق و تربیت اسلامی,0,اخلاق معلمی
353,381,13,آموزش تفکر و معنویت برای کودکان,200000,3,yes,14,10,50,12,9,معارف قرآن و حدیث,جوان,اخلاق و تربیت اسلامی,20000,آموزش تفکر و معنویت برای کودکان
180,208,10,تربیت جنسی کودک,200000,4,yes,14,15,100,NULL,9,معارف قرآن و حدیث,جوان,اخلاق و تربیت اسلامی,20000,تربیت جنسی کودک
223,251,30,تربیت دینی,0,0,no,15,10,30,NULL,2,معارف قرآن و حدیث,جوان,اخلاق و تربیت اسلامی,0,تربیت دینی
274,302,10,تربیت فرزند,200000,4,yes,14,15,70,12,9,معارف قرآن و حدیث,جوان,اخلاق و تربیت اسلامی,20000,تربیت فرزند
318,346,6,تربیت فرزند,0,1,yes,14,10,1000,40,3,معارف قرآن و حدیث,جوان,اخلاق و تربیت اسلامی,0,تربیت فرزند
292,320,10,تربیت فرزند دو,200000,4,yes,14,10,100,14,9,معارف قرآن و حدیث,جوان,اخلاق و تربیت اسلامی,20000,تربیت فرزند دو
295,323,10,تربیت فرزند مقطع نوجوان,200000,3,yes,0,10,70,12,9,معارف قرآن و حدیث,جوان,اخلاق و تربیت اسلامی,20000,تربیت فرزند مقطع نوجوان
359,387,5,تربیت فرزند ویژه اولیا,200000,2,no,12,20,50,15,1,معارف قرآن و حدیث,جوان,اخلاق و تربیت اسلامی,20000,تربیت فرزند ویژه اولیا
196,224,22,خود شناسی اخلاقی،تربیت اخلاقی،,100000,2,yes,14,20,50,NULL,10,معارف قرآن و حدیث,جوان,اخلاق و تربیت اسلامی,10000,خود شناسی اخلاقی،تربیت اخلاقی،
185,213,10,دخترانه ها,200000,4,yes,15,15,50,NULL,9,معارف قرآن و حدیث,نوجوان,اخلاق و تربیت اسلامی,20000,دخترانه ها
263,291,5,در محضر بانو,800000,10,no,16,10,999,NULL,1,معارف قرآن و حدیث,نوجوان,اخلاق و تربیت اسلامی,80000,در محضر بانو
269,297,13,راه وراهنما شناسی,200000,4,yes,16,10,40,NULL,9,معارف قرآن و حدیث,جوان,اخلاق و تربیت اسلامی,20000,راه وراهنما شناسی
178,206,16,سواد رسانه ای والدین,200000,4,yes,14,15,100,NULL,9,معارف قرآن و حدیث,جوان,اخلاق و تربیت اسلامی,20000,سواد رسانه ای والدین
280,308,10,سیاستهای مادرانه,200000,4,yes,14,15,100,NULL,9,معارف قرآن و حدیث,جوان,اخلاق و تربیت اسلامی,20000,سیاستهای مادرانه
70,95,27,فرزندپروری,200000,2,yes,14,25,70,NULL,2,معارف قرآن و حدیث,جوان,اخلاق و تربیت اسلامی,20000,فرزندپروری
357,385,32,محضر بانو,350000,10,no,12,8,20,40,7,معارف قرآن و حدیث,نوجوان,اخلاق و تربیت اسلامی,35000,محضر بانو
358,386,32,محضر بانو,350000,15,no,12,8,25,40,7,معارف قرآن و حدیث,نوجوان,اخلاق و تربیت اسلامی,35000,محضر بانو
131,156,2,اذان و مکبری,150000,2,yes,16,15,20,15,1,علوم و فنون قرائت,نوجوان,اذان,15000,اذان و مکبری
277,305,13,انسان شناسی,250000,4,yes,14,10,50,NULL,9,معارف قرآن و حدیث,جوان,اعتقادات,25000,انسان شناسی
265,293,10,آرامش در زندگی من,150000,4,yes,16,15,50,NULL,9,معارف قرآن و حدیث,جوان,اعتقادات,15000,آرامش در زندگی من
271,299,26,بانوان آسمانی,150000,4,yes,14,15,50,NULL,9,معارف قرآن و حدیث,جوان,اعتقادات,15000,بانوان آسمانی
278,306,9,بایسته های شریعت,200000,4,yes,14,10,30,NULL,9,معارف قرآن و حدیث,جوان,اعتقادات,20000,بایسته های شریعت
283,311,10,پاسخ به پرسشهای کودکان,200000,4,yes,14,10,100,14,9,معارف قرآن و حدیث,جوان,اعتقادات,20000,پاسخ به پرسشهای کودکان
302,330,13,تولد معنوی,200000,4,yes,14,10,50,NULL,9,معارف قرآن و حدیث,جوان,اعتقادات,20000,تولد معنوی
66,91,27,جریان شناسی تکفیری,150000,3,yes,16,25,60,NULL,2,معارف قرآن و حدیث,جوان,اعتقادات,15000,جریان شناسی تکفیری
190,218,13,جریانشناسی عرفانهای نوظهور,200000,4,yes,15,15,75,NULL,9,معارف قرآن و حدیث,جوان,اعتقادات,20000,جریانشناسی عرفانهای نوظهور
270,298,13,جریانهای افراطی شیعی,200000,4,yes,16,10,50,NULL,9,معارف قرآن و حدیث,جوان,اعتقادات,20000,جریانهای افراطی شیعی
294,322,10,چشمه تفکر,200000,2,yes,16,10,50,NULL,9,معارف قرآن و حدیث,جوان,اعتقادات,20000,چشمه تفکر
399,427,10,چشمه معرفت چهار,150000,3,yes,14,1,30,12,9,معارف قرآن و حدیث,جوان,اعتقادات,15000,چشمه معرفت چهار
369,397,10,چشمه معرفت دو,100000,9,yes,14,10,40,48,9,معارف قرآن و حدیث,جوان,اعتقادات,10000,چشمه معرفت دو
370,398,10,چشمه معرفت سه,100000,9,yes,14,10,40,48,9,معارف قرآن و حدیث,جوان,اعتقادات,10000,چشمه معرفت سه
368,396,10,چشمه معرفت یک,100000,9,yes,14,10,40,48,9,معارف قرآن و حدیث,جوان,اعتقادات,10000,چشمه معرفت یک
279,307,13,چگونه کودکم را نمازخوان کنم,200000,4,yes,14,10,50,NULL,9,معارف قرآن و حدیث,جوان,اعتقادات,20000,چگونه کودکم را نمازخوان کنم
284,312,13,چگونه کودکم زانمازخوان کنم,200000,4,yes,14,15,50,NULL,9,معارف قرآن و حدیث,جوان,اعتقادات,20000,چگونه کودکم را نمازخوان کنم
37,62,27,حرفهای شنیدنی,150000,2,yes,14,20,40,NULL,2,معارف قرآن و حدیث,جوان,اعتقادات,15000,حرفهای شنیدنی
264,292,10,حرفهای شنیدنی,200000,4,yes,14,10,50,NULL,9,معارف قرآن و حدیث,جوان,اعتقادات,20000,حرفهای شنیدنی
305,333,10,دوره کوتاه مدت دختر آسمانی,0,1,yes,14,15,150,4,9,معارف قرآن و حدیث,نوجوان,اعتقادات,0,دوره کوتاه مدت دختر آسمانی
298,326,15,رسم عاشقی,200000,3,yes,14,10,50,12,9,معارف قرآن و حدیث,جوان,اعتقادات,20000,رسم عاشقی
200,228,24,روحانیت شیعه,100000,3,yes,14,20,50,NULL,10,معارف قرآن و حدیث,جوان,اعتقادات,10000,روحانیت شیعه
183,211,13,سوالات من از خدا,200000,4,yes,14,15,75,NULL,9,معارف قرآن و حدیث,جوان,اعتقادات,20000,سوالات من از خدا
286,314,8,شیطان شناسی در قرآن,200000,3,yes,14,10,50,12,9,معارف قرآن و حدیث,جوان,اعتقادات,20000,شیطان شناسی در قرآن
197,225,24,شیعه شناسی,100000,5,yes,14,20,50,NULL,10,معارف قرآن و حدیث,جوان,اعتقادات,10000,شیعه شناسی
296,324,12,فضای مجازی,200000,4,yes,14,10,40,NULL,9,معارف قرآن و حدیث,جوان,اعتقادات,20000,فضای مجازی
281,309,12,فضای مجازی بزرگسال,200000,4,yes,14,10,50,NULL,9,معارف قرآن و حدیث,جوان,اعتقادات,20000,فضای مجازی بزرگسال
297,325,12,فضای مجازی نوجوانان,200000,4,yes,14,10,30,NULL,9,معارف قرآن و حدیث,نوجوان,اعتقادات,20000,فضای مجازی نوجوانان
38,63,27,قصه های قرآنی,150000,2,yes,14,20,40,NULL,2,معارف قرآن و حدیث,نوجوان,اعتقادات,15000,قصه های قرآنی
59,84,27,مامان خدا چه شکلیه,150000,2,yes,16,20,40,NULL,2,معارف قرآن و حدیث,نوجوان,اعتقادات,15000,مامان خدا چه شکلیه
299,327,16,مطالعات انیمیشن,200000,3,yes,14,10,50,12,9,معارف قرآن و حدیث,جوان,اعتقادات,20000,مطالعات انیمیشن
35,60,27,مهارت خودآگاهی,150000,2,yes,14,10,20,NULL,2,معارف قرآن و حدیث,جوان,اعتقادات,15000,مهارت خود آگاهی
69,94,29,آیات,350000,2,yes,16,12,16,NULL,1,حفظ قرآن و حدیث,جوان,آیات,35000,آیات
69,94,29,آیات,350000,2,yes,16,12,16,NULL,2,حفظ قرآن و حدیث,نوجوان,آیات,35000,آیات
125,150,3,آیات جزء بیست و شش الی سی,250000,3,yes,16,6,12,NULL,0,حفظ قرآن و حدیث,جوان,آیات,25000,آیات جزء بیست و شش الی سی
125,150,3,آیات جزء بیست و شش الی سی,250000,3,yes,16,6,12,NULL,1,حفظ قرآن و حدیث,نوجوان,آیات,25000,آیات جزء بیست و شش الی سی
124,149,3,آیات جزء بیست و یک الی بیست و پنج,250000,3,yes,16,10,8,NULL,0,حفظ قرآن و حدیث,جوان,آیات,25000,آیات جزء بیست و یک الی بیست و پنج
124,149,3,آیات جزء بیست و یک الی بیست و پنج,250000,3,yes,16,10,8,NULL,1,حفظ قرآن و حدیث,نوجوان,آیات,25000,آیات جزء بیست و یک الی بیست و پنج
123,148,3,آیات جزء شانزده الی بیست,250000,3,yes,16,4,8,NULL,1,حفظ قرآن و حدیث,نوجوان,آیات,25000,آیات جزء شانزده الی بیست
121,146,3,آیات جزء شش الی ده,250000,3,yes,16,4,8,NULL,1,حفظ قرآن و حدیث,نوجوان,آیات,25000,آیات جزء شش الی ده
122,147,3,آیات جزء یازده الی پانزده,250000,3,yes,16,4,8,NULL,1,حفظ قرآن و حدیث,نوجوان,آیات,25000,آیات جزء یازده الی پانزده
120,145,3,آیات جزء یک الی پنج,250000,3,yes,16,4,8,NULL,1,حفظ قرآن و حدیث,نوجوان,آیات,25000,آیات جزء یک الی پنج
113,138,3,بینات جزء بیست و شش الی سی,250000,3,yes,16,4,8,NULL,1,حفظ قرآن و حدیث,نوجوان,بینات,25000,بینات جزء بیست و شش الی سی
112,137,3,بینات جزء بیست و یک الی بیست و پنج,250000,3,yes,16,4,8,NULL,1,حفظ قرآن و حدیث,نوجوان,بینات,25000,بینات جزء بیست و یک الی بیست و پنج
111,136,3,بینات جزء شانزده الی بیست,250000,3,yes,16,4,8,NULL,1,حفظ قرآن و حدیث,نوجوان,بینات,25000,بینات جزء شانزده الی بیست
109,134,3,بینات جزء شش الی ده,350000,3,yes,16,4,8,NULL,1,حفظ قرآن و حدیث,نوجوان,بینات,35000,بینات جزء شش الی ده
110,135,3,بینات جزء یازده الی پانزده,250000,3,yes,16,4,8,NULL,1,حفظ قرآن و حدیث,نوجوان,بینات,25000,بینات جزء یازده الی پانزده
108,133,3,بینات جزء یک الی پنج,250000,3,yes,16,4,8,NULL,1,حفظ قرآن و حدیث,نوجوان,بینات,25000,بینات جزء یک الی پنج
345,373,3,بینات حفاظ کل,350000,2,no,15,7,10,35,1,حفظ قرآن و حدیث,نوجوان,بینات,35000,بینات حفاظ کل
20,44,29,بینات حلقه حافظان کل,350000,4,yes,16,8,20,NULL,2,حفظ قرآن و حدیث,نوجوان,بینات,35000,حلقه حافظان کل
123,148,3,آیات جزء شانزده الی بیست,250000,3,yes,16,4,8,NULL,1,حفظ قرآن و حدیث,جوان,آیات,25000,آیات جزء شانزده الی بیست
121,146,3,آیات جزء شش الی ده,250000,3,yes,16,4,8,NULL,1,حفظ قرآن و حدیث,جوان,آیات,25000,آیات جزء شش الی ده
122,147,3,آیات جزء یازده الی پانزده,250000,3,yes,16,4,8,NULL,1,حفظ قرآن و حدیث,جوان,آیات,25000,آیات جزء یازده الی پانزده
120,145,3,آیات جزء یک الی پنج,250000,3,yes,16,4,8,NULL,1,حفظ قرآن و حدیث,جوان,آیات,25000,آیات جزء یک الی پنج
113,138,3,بینات جزء بیست و شش الی سی,250000,3,yes,16,4,8,NULL,1,حفظ قرآن و حدیث,جوان,بینات,25000,بینات جزء بیست و شش الی سی
112,137,3,بینات جزء بیست و یک الی بیست و پنج,250000,3,yes,16,4,8,NULL,1,حفظ قرآن و حدیث,جوان,بینات,25000,بینات جزء بیست و یک الی بیست و پنج
111,136,3,بینات جزء شانزده الی بیست,250000,3,yes,16,4,8,NULL,1,حفظ قرآن و حدیث,جوان,بینات,25000,بینات جزء شانزده الی بیست
109,134,3,بینات جزء شش الی ده,350000,3,yes,16,4,8,NULL,1,حفظ قرآن و حدیث,جوان,بینات,35000,بینات جزء شش الی ده
110,135,3,بینات جزء یازده الی پانزده,250000,3,yes,16,4,8,NULL,1,حفظ قرآن و حدیث,جوان,بینات,25000,بینات جزء یازده الی پانزده
108,133,3,بینات جزء یک الی پنج,250000,3,yes,16,4,8,NULL,1,حفظ قرآن و حدیث,جوان,بینات,25000,بینات جزء یک الی پنج
345,373,3,بینات حفاظ کل,350000,2,no,15,7,10,35,1,حفظ قرآن و حدیث,جوان,بینات,35000,بینات حفاظ کل
20,44,29,بینات حلقه حافظان کل,350000,4,yes,16,8,20,NULL,2,حفظ قرآن و حدیث,جوان,بینات,35000,حلقه حافظان کل
215,243,18,امام مهدی شناسی عج,100000,7,yes,14,20,50,NULL,10,معارف قرآن و حدیث,جوان,تاریخ و سیره اهل بیت علیهم السلام,10000,امام مهدی شناسی عج
276,304,1,امام مهدی شناسی عج,250000,7,yes,14,10,50,30,1,معارف قرآن و حدیث,جوان,تاریخ و سیره اهل بیت علیهم السلام,25000,امام مهدی شناسی عج
67,92,7,اهل بیت علیهم السلام شناسی,250000,10,yes,16,25,40,NULL,2,معارف قرآن و حدیث,جوان,تاریخ و سیره اهل بیت علیهم السلام,25000,اهل بیت علیهم السلام شناسی
404,432,15,آشنایی با نهج البلاغه,200000,3,yes,14,1,200,12,9,معارف قرآن و حدیث,جوان,تاریخ و سیره اهل بیت علیهم السلام,20000,آشنایی با نهج البلاغه
316,344,10,آموزش پیش از ازدواج,200000,4,yes,14,0,50,14,9,معارف قرآن و حدیث,جوان,تاریخ و سیره اهل بیت علیهم السلام,20000,آموزش پیش از ازدواج
179,207,10,آیین همسرداری,200000,4,yes,14,15,120,NULL,9,معارف قرآن و حدیث,جوان,تاریخ و سیره اهل بیت علیهم السلام,20000,آیین همسرداری
29,54,27,آیین همسرداری,200000,2,yes,14,25,70,NULL,2,معارف قرآن و حدیث,جوان,تاریخ و سیره اهل بیت علیهم السلام,20000,آئین همسرداری
192,220,26,بانوان بهشتی,200000,4,yes,15,15,50,NULL,9,معارف قرآن و حدیث,جوان,تاریخ و سیره اهل بیت علیهم السلام,20000,بانوان بهشتی
290,318,10,بهداشت روانی بانوان ازمنظردین,200000,4,yes,16,15,50,NULL,9,معارف قرآن و حدیث,جوان,تاریخ و سیره اهل بیت علیهم السلام,20000,بهداشت روانی بانوان ازمنظردین
56,81,1,پیامبر اعظم شناسی,100000,2,yes,14,15,100,NULL,1,معارف قرآن و حدیث,جوان,تاریخ و سیره اهل بیت علیهم السلام,10000,پیامبر اعظم شناسی
191,219,14,تغذیه کودک ونوجوان در اسلام,200000,4,yes,15,15,75,NULL,9,معارف قرآن و حدیث,جوان,تاریخ و سیره اهل بیت علیهم السلام,20000,تغذیه کودک ونوجوان در اسلام
33,58,27,رساله حقوق امام سجاد,150000,2,yes,14,25,70,NULL,2,معارف قرآن و حدیث,جوان,تاریخ و سیره اهل بیت علیهم السلام,15000,رساله حقوق امام سجاد علیه السلام
30,55,27,روش تربیت دینی,150000,2,yes,14,25,70,NULL,2,معارف قرآن و حدیث,جوان,تاریخ و سیره اهل بیت علیهم السلام,15000,روش تربیت دینی
32,57,27,سبک زندگی اسلامی,150000,2,yes,14,25,70,NULL,2,معارف قرآن و حدیث,جوان,تاریخ و سیره اهل بیت علیهم السلام,15000,سبک زندگی اسلامی
393,421,10,سبک زندگی اسلامی,500000,5,yes,14,1,50,16,9,معارف قرآن و حدیث,جوان,تاریخ و سیره اهل بیت علیهم السلام,50000,سبک زندگی اسلامی
275,303,26,سبک زندگی اهل بیت,200000,3,yes,14,15,60,NULL,9,معارف قرآن و حدیث,جوان,تاریخ و سیره اهل بیت علیهم السلام,20000,سبک زندگی اهل بیت
214,242,18,سبک زندگی محمدی صلوات الله علیه,100000,3,yes,14,20,50,NULL,10,معارف قرآن و حدیث,جوان,تاریخ و سیره اهل بیت علیهم السلام,10000,سبک زندگی محمدی صلوات الله علیه
362,390,14,طب اسلامی تکمیلی,500000,12,yes,14,0,150,60,9,معارف قرآن و حدیث,جوان,تاریخ و سیره اهل بیت علیهم السلام,50000,طب اسلامی تکمیلی
182,210,14,طب اسلامی مقدماتی,200000,4,yes,14,15,150,12,9,معارف قرآن و حدیث,جوان,تاریخ و سیره اهل بیت علیهم السلام,20000,طب اسلامی مقدماتی
364,392,14,طب اسلامی مقدماتی دو,200000,3,yes,14,0,150,15,9,معارف قرآن و حدیث,جوان,تاریخ و سیره اهل بیت علیهم السلام,20000,طب اسلامی مقدماتی دو
394,422,14,طب تکمیلی دو و سه,700000,3,yes,14,1,100,12,9,معارف قرآن و حدیث,جوان,تاریخ و سیره اهل بیت علیهم السلام,70000,طب تکمیلی دو و سه
346,374,6,عمومی مهدویت، جلد یک و دو کتاب نگین آفرینش,0,0,yes,14,10,999,25,3,معارف قرآن و حدیث,جوان,تاریخ و سیره اهل بیت علیهم السلام,0,عمومی مهدویت، جلد یک و دو کتاب نگین آفرینش
288,316,11,قصه های مهدوی,200000,4,yes,14,10,25,NULL,9,معارف قرآن و حدیث,نوجوان,تاریخ و سیره اهل بیت علیهم السلام,20000,قصه های مهدوی
28,53,27,مهارت های زندگی,150000,2,yes,14,25,70,NULL,2,معارف قرآن و حدیث,جوان,تاریخ و سیره اهل بیت علیهم السلام,15000,مهارت های زندگی
291,319,10,مهارتهای زندگی,200000,4,yes,14,10,50,NULL,9,معارف قرآن و حدیث,جوان,تاریخ و سیره اهل بیت علیهم السلام,20000,مهارتهای زندگی
31,56,27,مهدویت,150000,2,yes,14,25,70,NULL,2,معارف قرآن و حدیث,جوان,تاریخ و سیره اهل بیت علیهم السلام,15000,مهدویت
289,317,11,مهدویت,200000,4,yes,14,10,50,NULL,9,معارف قرآن و حدیث,جوان,تاریخ و سیره اهل بیت علیهم السلام,20000,مهدویت
315,343,11,مهدویت تکمیلی,200000,3,yes,14,0,100,14,9,معارف قرآن و حدیث,جوان,تاریخ و سیره اهل بیت علیهم السلام,20000,مهدویت تکمیلی
177,205,11,مهدویت دبیرستانیها,200000,4,yes,14,10,50,NULL,9,معارف قرآن و حدیث,نوجوان,تاریخ و سیره اهل بیت علیهم السلام,20000,مهدویت دبیرستانیها
268,296,11,مهدویت دو,200000,4,yes,14,10,60,NULL,9,معارف قرآن و حدیث,جوان,تاریخ و سیره اهل بیت علیهم السلام,20000,مهدویت دو
176,204,11,مهدویت راهنماییها,200000,4,yes,14,15,75,NULL,9,معارف قرآن و حدیث,نوجوان,تاریخ و سیره اهل بیت علیهم السلام,20000,مهدویت راهنماییها
272,300,11,مهدویت کودکان,200000,4,yes,14,10,30,14,9,معارف قرآن و حدیث,کودک,تاریخ و سیره اهل بیت علیهم السلام,20000,مهدویت کودکان
395,423,11,مهدویت مقدماتی,400000,5,yes,14,1,100,24,9,معارف قرآن و حدیث,جوان,تاریخ و سیره اهل بیت علیهم السلام,40000,مهدویت مقدماتی
175,203,11,مهدویت یک,200000,5,yes,14,15,100,12,9,معارف قرآن و حدیث,جوان,تاریخ و سیره اهل بیت علیهم السلام,20000,مهدویت یک
287,315,14,نقش تغذیه در اخلاق,200000,3,yes,14,10,50,12,9,معارف قرآن و حدیث,جوان,تاریخ و سیره اهل بیت علیهم السلام,20000,نقش تغذیه در اخلاق
17,41,29,تبیان,350000,2,yes,16,10,12,NULL,2,حفظ قرآن و حدیث,جوان,تبیان,35000,تبیان
119,144,3,تبیان جزء بیست و شش الی سی,250000,3,yes,16,6,12,NULL,1,حفظ قرآن و حدیث,نوجوان,تبیان,25000,تبیان جزء بیست و شش الی سی
118,143,3,تبیان جزء بیست و یک الی بیست و پنج,250000,3,yes,16,4,8,NULL,1,حفظ قرآن و حدیث,نوجوان,تبیان,25000,تبیان جزء بیست و یک الی بیست و پنج
117,142,3,تبیان جزء شانزده الی بیست,250000,3,yes,16,4,8,NULL,1,حفظ قرآن و حدیث,نوجوان,تبیان,25000,تبیان جزء شانزده الی بیست
115,140,3,تبیان جزء شش الی ده,250000,3,yes,16,4,8,NULL,1,حفظ قرآن و حدیث,نوجوان,تبیان,25000,تبیان جزء شش الی ده
116,141,3,تبیان جزء یازده الی پانزده,250000,3,yes,16,4,8,NULL,1,حفظ قرآن و حدیث,نوجوان,تبیان,25000,تبیان جزء یازده الی پانزده
114,139,3,تبیان جزء یک الی پنج,250000,3,yes,16,4,8,NULL,1,حفظ قرآن و حدیث,نوجوان,تبیان,25000,تبیان جزء یک الی پنج
47,72,29,تثبیت,350000,4,yes,16,12,30,NULL,2,حفظ قرآن و حدیث,نوجوان,تثبیت محفوظات قرآن کریم,35000,تثبیت
167,195,3,تثبیت,350000,3,yes,16,5,10,NULL,1,حفظ قرآن و حدیث,نوجوان,تثبیت محفوظات قرآن کریم,35000,تثبیت
18,42,29,کوثر تثبیت,350000,2,yes,16,8,20,NULL,2,حفظ قرآن و حدیث,نوجوان,تثبیت محفوظات قرآن کریم,35000,تثبیت محفوظات
107,132,3,کوثر جزء بیست و شش الی سی,250000,3,yes,16,6,12,NULL,1,حفظ قرآن و حدیث,نوجوان,تثبیت محفوظات قرآن کریم,25000,کوثر جزء بیست و شش الی سی
106,131,3,کوثر جزء بیست و یک الی بیست و پنج,250000,3,yes,16,4,8,NULL,1,حفظ قرآن و حدیث,نوجوان,تثبیت محفوظات قرآن کریم,25000,کوثر جزء بیست و یک الی بیست و پنج
105,130,3,کوثر جزء شانزده الی بیست,250000,3,yes,16,6,10,NULL,1,حفظ قرآن و حدیث,نوجوان,تثبیت محفوظات قرآن کریم,25000,کوثر جزء شانزده الی بیست
103,128,3,کوثر جزء شش الی ده,250000,3,yes,16,6,10,NULL,1,حفظ قرآن و حدیث,نوجوان,تثبیت محفوظات قرآن کریم,25000,کوثر جزء شش الی ده
104,129,3,کوثر جزء یازده الی پانزده,250000,3,yes,16,6,10,NULL,1,حفظ قرآن و حدیث,نوجوان,تثبیت محفوظات قرآن کریم,25000,کوثر جزء یازده الی پانزده
102,127,3,کوثر جزء یک الی پنج,250000,3,yes,16,6,10,NULL,1,حفظ قرآن و حدیث,نوجوان,تثبیت محفوظات قرآن کریم,25000,کوثر جزء یک الی پنج
119,144,3,تبیان جزء بیست و شش الی سی,250000,3,yes,16,6,12,NULL,1,حفظ قرآن و حدیث,جوان,تبیان,25000,تبیان جزء بیست و شش الی سی
118,143,3,تبیان جزء بیست و یک الی بیست و پنج,250000,3,yes,16,4,8,NULL,1,حفظ قرآن و حدیث,جوان,تبیان,25000,تبیان جزء بیست و یک الی بیست و پنج
117,142,3,تبیان جزء شانزده الی بیست,250000,3,yes,16,4,8,NULL,1,حفظ قرآن و حدیث,جوان,تبیان,25000,تبیان جزء شانزده الی بیست
115,140,3,تبیان جزء شش الی ده,250000,3,yes,16,4,8,NULL,1,حفظ قرآن و حدیث,جوان,تبیان,25000,تبیان جزء شش الی ده
116,141,3,تبیان جزء یازده الی پانزده,250000,3,yes,16,4,8,NULL,1,حفظ قرآن و حدیث,جوان,تبیان,25000,تبیان جزء یازده الی پانزده
114,139,3,تبیان جزء یک الی پنج,250000,3,yes,16,4,8,NULL,1,حفظ قرآن و حدیث,جوان,تبیان,25000,تبیان جزء یک الی پنج
47,72,29,تثبیت,350000,4,yes,16,12,30,NULL,2,حفظ قرآن و حدیث,جوان,تثبیت محفوظات قرآن کریم,35000,تثبیت
167,195,3,تثبیت,350000,3,yes,16,5,10,NULL,1,حفظ قرآن و حدیث,جوان,تثبیت محفوظات قرآن کریم,35000,تثبیت
18,42,29,کوثر تثبیت,350000,2,yes,16,8,20,NULL,2,حفظ قرآن و حدیث,جوان,تثبیت محفوظات قرآن کریم,35000,تثبیت محفوظات
107,132,3,کوثر جزء بیست و شش الی سی,250000,3,yes,16,6,12,NULL,1,حفظ قرآن و حدیث,جوان,تثبیت محفوظات قرآن کریم,25000,کوثر جزء بیست و شش الی سی
106,131,3,کوثر جزء بیست و یک الی بیست و پنج,250000,3,yes,16,4,8,NULL,1,حفظ قرآن و حدیث,جوان,تثبیت محفوظات قرآن کریم,25000,کوثر جزء بیست و یک الی بیست و پنج
105,130,3,کوثر جزء شانزده الی بیست,250000,3,yes,16,6,10,NULL,1,حفظ قرآن و حدیث,جوان,تثبیت محفوظات قرآن کریم,25000,کوثر جزء شانزده الی بیست
103,128,3,کوثر جزء شش الی ده,250000,3,yes,16,6,10,NULL,1,حفظ قرآن و حدیث,جوان,تثبیت محفوظات قرآن کریم,25000,کوثر جزء شش الی ده
104,129,3,کوثر جزء یازده الی پانزده,250000,3,yes,16,6,10,NULL,1,حفظ قرآن و حدیث,جوان,تثبیت محفوظات قرآن کریم,25000,کوثر جزء یازده الی پانزده
102,127,3,کوثر جزء یک الی پنج,250000,3,yes,16,6,10,NULL,1,حفظ قرآن و حدیث,جوان,تثبیت محفوظات قرآن کریم,25000,کوثر جزء یک الی پنج
126,151,2,تجوید ابتدایی,350000,6,yes,16,15,20,40,1,حفظ قرآن و حدیث,کودک,تجوید قرآن,35000,تجوید سطح یک ابتدایی
4,27,28,تجوید سطح دو,350000,8,yes,15,15,35,50,2,علوم و فنون قرائت,جوان,تجوید قرآن,35000,تجوید سطح دو
154,182,2,تجوید سطح دو,250000,7,yes,16,15,20,NULL,1,علوم و فنون قرائت,جوان,تجوید قرآن,25000,تجوید سطح دو
382,410,6,تجوید سطح دو,0,0,yes,15,1,1000,NULL,3,علوم و فنون قرائت,نوجوان,تجوید قرآن,0,تجوید سطح دو
3,26,28,تجوید سطح یک,350000,7,yes,15,15,35,50,2,علوم و فنون قرائت,نوجوان,تجوید قرآن,35000,تجوید سطح یک
153,181,2,تجوید سطح یک,350000,5,yes,16,15,20,50,1,علوم و فنون قرائت,جوان,تجوید قرآن,35000,تجوید سطح یک
49,74,6,تجوید قرآن کریم سطح یک,0,0,yes,15,1,1000,25,3,علوم و فنون قرائت,جوان,تجوید قرآن,0,تجوید قرآن کریم سطح یک
193,221,28,تجوید ویژه حفظ,150000,4,yes,15,14,35,30,2,علوم و فنون قرائت,جوان,تجوید قرآن,15000,تجوید ویژه حفظ
386,414,3,تجوید ویژه حفظ,0,2,yes,12,5,20,20,1,علوم و فنون قرائت,نوجوان,تجوید قرآن,0,تجوید ویژه حفظ
367,395,2,قبولی های قدیمی تجوید سطح یک,0,0,yes,16,1,1000,NULL,1,علوم و فنون قرائت,جوان,تجوید قرآن,0,قبولی های قدیمی تجوید سطح یک
13,37,28,کارگاه تجوید سطح دو,200000,4,yes,15,15,35,25,2,علوم و فنون قرائت,جوان,تجوید قرآن,20000,کارگاه تجوید سطح دو
160,188,2,کارگاه تجوید سطح دو,200000,3,no,16,15,0,0,1,علوم و فنون قرائت,نوجوان,تجوید قرآن,20000,کارگاه تجوید سطح دو
12,36,28,کارگاه تجوید سطح یک,200000,4,yes,15,20,35,25,2,علوم و فنون قرائت,جوان,تجوید قرآن,20000,کارگاه تجوید سطح یک
159,187,2,کارگاه تجوید سطح یک,200000,3,no,16,15,20,20,1,علوم و فنون قرائت,نوجوان,تجوید قرآن,20000,کارگاه تجوید سطح یک
159,187,2,کارگاه تجوید سطح یک,200000,3,no,16,15,20,20,1,علوم و فنون قرائت,کودک,تجوید قرآن,20000,کارگاه تجوید سطح یک
387,415,3,کارگاه تجوید ویژه حفظ,0,2,yes,12,5,20,20,1,حفظ قرآن و حدیث,جوان,تجوید قرآن,0,کارگاه تجوید ویژه حفظ
225,253,30,کارگاه مهارت افزایی تجوید سطح دو,0,0,no,17,10,30,NULL,2,علوم و فنون قرائت,جوان,تجوید قرآن,0,کارگاه مهارت افزایی تجوید سطح دو
58,83,27,تدبر در قرآن,250000,6,yes,16,30,60,NULL,2,معارف قرآن و حدیث,جوان,تدبر,25000,تدبر در قرآن
301,329,8,تدبر درقرآن,350000,6,yes,14,10,100,NULL,9,معارف قرآن و حدیث,جوان,تدبر,35000,تدبر درقرآن
192,443,8,تدبر در قرآن سوره قیامت، مدثر و مزمل,200000,3,yes,14,1,100,24,9,معارف قرآن و حدیث,جوان,تدبر در قرآن سوره قیامت، مدثر و مزمل,20000,تدبر در قرآن سوره قیامت، مدثر و مزمل
193,442,8,تدبر در قرآن سوره های نباء و انسان,350000,3,yes,14,14,100,24,9,معارف قرآن و حدیث,جوان,تدبر در قرآن سوره های نباء و انسان,35000,تدبر در قرآن سوره های نباء و انسان
396,424,10,ارتقاء سطح علمی مربیان کودک,600000,7,yes,14,1,100,33,9,معارف قرآن و حدیث,جوان,تربیت مربی,60000,ارتقاء سطح علمی مربیان کودک
216,244,30,اصول عمومی کلاسداری,1000000,0,no,17,10,30,NULL,2,معارف قرآن و حدیث,جوان,تربیت مربی,100000,اصول عمومی کلاسداری
217,245,30,اصول کلاسداری کودک و نوجوان,0,0,no,17,10,30,NULL,2,معارف قرآن و حدیث,جوان,تربیت مربی,0,اصول کلاسداری کودک و نوجوان
231,259,30,آشنایی با اصول و مبانی حفظ قرآن کریم,0,0,no,17,10,25,NULL,2,حفظ قرآن و حدیث,جوان,تربیت مربی,0,آشنایی با اصول و مبانی حفظ قرآن کریم
224,252,30,آشنایی با آیین نامه و فرم های آزمون,0,0,no,15,10,30,NULL,2,معارف قرآن و حدیث,جوان,تربیت مربی,0,آشنایی با آیین نامه و فرم های آزمون
220,248,30,آشنایی با فناوری های نوین آموزشی,0,0,no,15,10,30,NULL,2,معارف قرآن و حدیث,جوان,تربیت مربی,0,آشنایی با فناوری های نوین آموزشی
226,254,30,آشنایی با مبانی آموزش روخوانی و روانخوانی,0,0,no,17,10,30,NULL,2,علوم و فنون قرائت,جوان,تربیت مربی,0,آشنایی با مبانی آموزش روخوانی و روانخوانی
199,227,19,آشنایی با متون تبلیغی,100000,3,yes,14,20,50,NULL,10,معارف قرآن و حدیث,جوان,تربیت مربی,10000,آشنایی با متون تبلیغی
133,159,2,تربیت مدرس تجوید,500000,3,yes,16,15,20,NULL,1,علوم و فنون قرائت,جوان,تربیت مربی,50000,تربیت مدرس تجوید
45,70,30,تربیت مربی تجوید دو,1000000,10,yes,16,10,30,NULL,2,علوم و فنون قرائت,جوان,تربیت مربی,100000,تربیت مربی تجوید دو
44,69,30,تربیت مربی تجوید یک,1000000,11,yes,16,15,30,NULL,2,علوم و فنون قرائت,جوان,تربیت مربی,100000,تربیت مربی تجوید یک
347,375,30,تربیت مربی ترجمه و مفاهیم,1000000,3,yes,16,10,30,NULL,2,معارف قرآن و حدیث,جوان,تربیت مربی,100000,تربیت مربی ترجمه و مفاهیم
320,348,1,تربیت مربی ترجمه و مفاهیم قرآن کریم,0,6,yes,16,15,25,60,1,معارف قرآن و حدیث,جوان,تربیت مربی,0,تربیت مربی ترجمه و مفاهیم قرآن کریم
1,24,4,تربیت مربی حفظ قرآن کریم,1000000,3,yes,16,15,25,90,1,حفظ قرآن و حدیث,جوان,تربیت مربی,100000,تربیت مربی حفظ قرآن کریم
344,372,30,تربیت مربی حفظ موضوعی,1000000,2,yes,15,10,30,NULL,2,حفظ قرآن و حدیث,جوان,تربیت مربی,100000,تربیت مربی حفظ موضوعی
42,67,30,تربیت مربی روخوانی و روانخوانی,1000000,6,yes,16,15,30,NULL,2,علوم و فنون قرائت,جوان,تربیت مربی,100000,تربیت مربی روخوانی و روانخوانی
230,258,30,چرایی حفظ قرآن کریم,0,0,no,17,10,25,NULL,2,حفظ قرآن و حدیث,جوان,تربیت مربی,0,چرایی حفظ قرآن کریم
390,418,30,دوره تربیت داور حفظ قرآن کریم,500000,1,yes,17,10,20,NULL,2,حفظ قرآن و حدیث,جوان,تربیت مربی,50000,دوره تربیت داور حفظ قرآن کریم
232,260,30,روش تدریس و کارگاه تدریس حفظ,0,0,no,17,10,25,NULL,2,حفظ قرآن و حدیث,جوان,تربیت مربی,0,روش تدریس و کارگاه تدریس حفظ
227,255,30,روش تدریس و کارگاه تدریس روخوانی,0,0,no,17,10,30,NULL,2,علوم و فنون قرائت,جوان,تربیت مربی,0,روش تدریس و کارگاه تدریس روخوانی
229,257,30,مبانی آموزش صحت قرائت,0,0,no,17,10,25,NULL,2,علوم و فنون قرائت,جوان,تربیت مربی,0,مبانی آموزش صحت قرائت
43,68,30,تربیت مربی حفظ,1000000,6,yes,16,10,30,NULL,2,حفظ قرآن و حدیث,جوان,تربیت مربی ,100000,تربیت مربی حفظ
221,249,30,آموزش مبانی ترتیل,0,0,no,15,10,30,NULL,2,علوم و فنون قرائت,جوان,ترتیل,0,آموزش مبانی ترتیل
9,33,28,ترتیل مقدماتی,200000,4,yes,16,12,50,NULL,2,علوم و فنون قرائت,جوان,ترتیل,20000,ترتیل
143,170,28,ترتیل تکمیلی,200000,4,yes,16,12,30,NULL,1,علوم و فنون قرائت,جوان,ترتیل,20000,ترتیل تکمیلی
143,170,28,ترتیل تکمیلی,200000,4,yes,16,12,30,NULL,2,علوم و فنون قرائت,نوجوان,ترتیل,20000,ترتیل تکمیلی
157,185,2,ترتیل مقدماتی,200000,4,no,16,15,20,25,1,علوم و فنون قرائت,نوجوان,ترتیل,20000,ترتیل مقدماتی
221,449,27,ترجمه و مفاهیم خطبه های نهج البلاغه,350000,4,yes,15,8,30,25,2,معارف قرآن و حدیث,جوان,ترجمه و مفاهیم,35000,ترجمه و مفاهیم خطبه های نهج البلاغه
222,450,27,ترجمه و مفاهیم نامه های نهج البلاغه,350000,4,yes,15,8,30,25,2,معارف قرآن و حدیث,جوان,ترجمه و مفاهیم,35000,ترجمه و مفاهیم نامه های نهج البلاغه
85,110,3,منهاج جزء شش الی ده,250000,3,yes,16,4,12,NULL,1,حفظ قرآن و حدیث,نوجوان,حفظ پنج ساله,25000,جزء شش الی ده
16,40,29,منهاج پنج ساله جزء یک تا پنج,350000,9,yes,15,8,20,NULL,2,حفظ قرآن و حدیث,نوجوان,حفظ پنج ساله,35000,جزء یک تا پنج
84,109,3,منهاج جزء یک الی پنج,250000,3,yes,16,4,12,NULL,1,حفظ قرآن و حدیث,نوجوان,حفظ پنج ساله,25000,جزء یک تا پنج
243,271,29,منهاج پنج ساله جزء بیست و شش تا بیست و نه,200000,4,yes,15,8,20,NULL,2,حفظ قرآن و حدیث,نوجوان,حفظ پنج ساله,20000,منهاج پنج ساله جزء بیست و شش تا بیست و نه
242,270,29,منهاج پنج ساله جزء بیست و یک تا بیست و پنج,350000,4,yes,15,8,20,NULL,2,حفظ قرآن و حدیث,نوجوان,حفظ پنج ساله,35000,منهاج پنج ساله جزء بیست و یک تا بیست و پنج
241,269,29,منهاج پنج ساله جزء شانزده تا بیست,350000,4,yes,15,8,20,NULL,2,حفظ قرآن و حدیث,نوجوان,حفظ پنج ساله,35000,منهاج پنج ساله جزء شانزده تا بیست
239,267,29,منهاج پنج ساله جزء شش تا ده,350000,4,yes,15,8,20,NULL,2,حفظ قرآن و حدیث,نوجوان,حفظ پنج ساله,35000,منهاج پنج ساله جزء شش تا ده
240,268,29,منهاج پنج ساله جزء یازده تا پانزده,350000,4,yes,15,8,20,NULL,2,حفظ قرآن و حدیث,نوجوان,حفظ پنج ساله,35000,منهاج پنج ساله جزء یازده تا پانزده
89,114,3,منهاج جزء بیست و شش الی سی,250000,3,yes,16,6,12,NULL,1,حفظ قرآن و حدیث,نوجوان,حفظ پنج ساله,25000,منهاج جزء بیست و شش الی سی
88,113,3,منهاج جزء بیست و یک الی بیست و پنج,250000,3,yes,16,4,12,NULL,1,حفظ قرآن و حدیث,نوجوان,حفظ پنج ساله,25000,منهاج جزء بیست و یک الی بیست و پنج
87,112,3,منهاج جزء شانزده الی بیست,250000,3,yes,16,10,16,NULL,1,حفظ قرآن و حدیث,نوجوان,حفظ پنج ساله,25000,منهاج جزء شانزده الی بیست
86,111,3,منهاج جزء یازده الی پانزده,250000,3,yes,16,4,12,NULL,1,حفظ قرآن و حدیث,نوجوان,حفظ پنج ساله,25000,منهاج جزء یازده الی پانزده
15,39,29,مشکات چهارساله جزء یک تا پنج,350000,4,yes,15,8,20,NULL,2,حفظ قرآن و حدیث,نوجوان,حفظ چهار ساله,35000,جزء یک تا پنج
252,280,29,چهارساله جزء بیست و یک تا بیست و پنج,350000,2,yes,16,8,12,NULL,2,حفظ قرآن و حدیث,نوجوان,حفظ چهار ساله,35000,چهارساله جزء بیست و یک تا بیست و پنج
251,279,29,چهارساله جزء شانزده تا بیست,350000,2,yes,17,8,12,NULL,2,حفظ قرآن و حدیث,نوجوان,حفظ چهار ساله,35000,چهارساله جزء شانزده تا بیست
249,277,29,چهارساله جزء شش تا ده,350000,2,yes,17,8,12,NULL,2,حفظ قرآن و حدیث,نوجوان,حفظ چهار ساله,35000,چهارساله جزء شش تا ده
250,278,29,چهارساله جزء یازده تا پانزده,350000,4,yes,17,8,12,NULL,2,حفظ قرآن و حدیث,نوجوان,حفظ چهار ساله,35000,چهارساله جزء یازده تا پانزده
22,46,29,چهارساله جزء یک تا پنج,350000,4,yes,17,8,12,110,2,حفظ قرآن و حدیث,نوجوان,حفظ چهار ساله,35000,حفظ پنج جزء اول
162,190,3,چهارساله پنج جزء اول,350000,2,yes,15,7,10,400,1,حفظ قرآن و حدیث,نوجوان,حفظ چهار ساله,35000,حفظ پنج جزء اول
326,354,3,چهارساله پنج جزء پنجم,350000,2,yes,15,7,10,400,1,حفظ قرآن و حدیث,نوجوان,حفظ چهار ساله,35000,حفظ پنج جزء پنجم
325,353,3,چهارساله پنج جزء چهارم,350000,2,yes,15,7,10,400,1,حفظ قرآن و حدیث,نوجوان,حفظ چهار ساله,35000,حفظ پنج جزء چهارم
322,350,3,چهارساله پنج جزء دوم,350000,2,yes,15,7,10,400,1,حفظ قرآن و حدیث,نوجوان,حفظ چهار ساله,35000,حفظ پنج جزء دوم
324,352,3,چهارساله پنج جزء سوم,350000,2,yes,15,7,10,400,1,حفظ قرآن و حدیث,نوجوان,حفظ چهار ساله,35000,حفظ پنج جزء سوم
327,355,3,چهارساله پنج جزء ششم,350000,2,yes,15,7,10,400,1,حفظ قرآن و حدیث,نوجوان,حفظ چهار ساله,35000,حفظ پنج جزء ششم
83,108,3,مشکات جزء بیست و شش الی سی,250000,3,yes,16,6,12,NULL,1,حفظ قرآن و حدیث,نوجوان,حفظ چهار ساله,25000,مشکات جزء بیست و شش الی سی
82,107,3,مشکات جزء بیست و یک الی بیست و پنج,250000,3,yes,16,4,8,NULL,1,حفظ قرآن و حدیث,نوجوان,حفظ چهار ساله,25000,مشکات جزء بیست و یک الی بیست و پنج
81,106,3,مشکات جزء شانزده الی بیست,250000,3,yes,16,4,8,NULL,1,حفظ قرآن و حدیث,نوجوان,حفظ چهار ساله,25000,مشکات جزء شانزده الی بیست
79,104,3,مشکات جزء شش الی ده,250000,3,yes,16,4,8,NULL,1,حفظ قرآن و حدیث,نوجوان,حفظ چهار ساله,25000,مشکات جزء شش الی ده
80,105,3,مشکات جزء یازده الی پانزده,250000,3,yes,16,4,8,NULL,1,حفظ قرآن و حدیث,نوجوان,حفظ چهار ساله,25000,مشکات جزء یازده الی پانزده
78,103,3,مشکات جزء یک الی پنج,250000,3,yes,16,4,8,NULL,1,حفظ قرآن و حدیث,نوجوان,حفظ چهار ساله,25000,مشکات جزء یک الی پنج
238,266,29,مشکات چهارساله جزء بیست و شش تا بیست و نه,350000,4,yes,15,8,20,NULL,2,حفظ قرآن و حدیث,نوجوان,حفظ چهار ساله,35000,مشکات چهارساله جزء بیست و شش تا بیست و نه
253,281,29,مشکات چهارساله جزء بیست و شش تا بیست و نه,350000,4,yes,16,8,20,NULL,2,حفظ قرآن و حدیث,نوجوان,حفظ چهار ساله,35000,مشکات چهارساله جزء بیست و شش تا بیست و نه
237,265,29,مشکات چهارساله جزء بیست و یک تا بیست و پنج,350000,4,yes,15,8,20,NULL,2,حفظ قرآن و حدیث,نوجوان,حفظ چهار ساله,35000,مشکات چهارساله جزء بیست و یک تا بیست و پنج
236,264,29,مشکات چهارساله جزء شانزده تا بیست,350000,4,yes,15,8,20,NULL,2,حفظ قرآن و حدیث,نوجوان,حفظ چهار ساله,35000,مشکات چهارساله جزء شانزده تا بیست
234,262,29,مشکات چهارساله جزء شش تا ده,350000,4,yes,15,8,20,NULL,2,حفظ قرآن و حدیث,نوجوان,حفظ چهار ساله,35000,مشکات چهارساله جزء شش تا ده
235,263,29,مشکات چهارساله جزء یازده تا پانزده,350000,4,yes,15,8,20,NULL,2,حفظ قرآن و حدیث,نوجوان,حفظ چهار ساله,35000,مشکات چهارساله جزء یازده تا پانزده
14,38,29,مصباح دو ساله جزء بیست و شش تا بیست و نه,350000,4,yes,15,8,20,NULL,2,حفظ قرآن و حدیث,نوجوان,حفظ دوساله,35000,حفظ بیست و پنج تا بیست و شش
2,25,29,دوساله,350000,2,yes,17,6,10,55,2,حفظ قرآن و حدیث,نوجوان,حفظ دوساله,35000,حفظ دوساله
333,361,3,دو ساله پنج جزء اول,350000,2,yes,15,5,10,100,1,حفظ قرآن و حدیث,نوجوان,حفظ دوساله,35000,دو ساله پنج جزء اول
337,365,3,دو ساله پنج جزء پنجم,350000,2,yes,15,5,10,100,1,حفظ قرآن و حدیث,نوجوان,حفظ دوساله,35000,دو ساله پنج جزء پنجم
336,364,3,دو ساله پنج جزء چهارم,350000,2,yes,15,5,10,100,1,حفظ قرآن و حدیث,نوجوان,حفظ دوساله,35000,دو ساله پنج جزء چهارم
334,362,4,دو ساله پنج جزء دوم,350000,2,yes,15,5,10,100,1,حفظ قرآن و حدیث,نوجوان,حفظ دوساله,35000,دو ساله پنج جزء دوم
335,363,3,دو ساله پنج جزء دوم,350000,2,yes,15,5,10,100,1,حفظ قرآن و حدیث,نوجوان,حفظ دوساله,35000,دو ساله پنج جزء دوم
338,366,3,دو ساله پنج جزء ششم,350000,2,yes,15,5,10,100,1,حفظ قرآن و حدیث,نوجوان,حفظ دوساله,35000,دو ساله پنج جزء ششم
152,180,3,دوساله,350000,3,yes,16,6,10,NULL,1,حفظ قرآن و حدیث,نوجوان,حفظ دوساله,35000,دوساله
149,176,3,مصباح جزء بیست و شش الی سی,250000,2,yes,16,5,10,NULL,1,حفظ قرآن و حدیث,نوجوان,حفظ دوساله,25000,مصباح جزء بیست و شش الی سی
148,175,3,مصباح جزء بیست و یک الی بیست و پنج,350000,3,yes,16,4,8,NULL,1,حفظ قرآن و حدیث,نوجوان,حفظ دوساله,35000,مصباح جزء بیست و یک الی بیست و پنج
145,172,3,مصباح جزء شش الی ده,350000,3,yes,16,4,8,NULL,1,حفظ قرآن و حدیث,نوجوان,حفظ دوساله,35000,مصباح جزء شش الی ده
146,173,3,مصباح جزء یازده الی پانزده,250000,2,yes,16,4,8,NULL,1,حفظ قرآن و حدیث,نوجوان,حفظ دوساله,25000,مصباح جزء یازده الی پانزده
144,171,3,مصباح جزء یک الی پنج,350000,3,yes,16,4,8,NULL,1,حفظ قرآن و حدیث,نوجوان,حفظ دوساله,35000,مصباح جزء یک الی پنج
147,174,3,مصباح جزا شانزده الی بیست,250000,3,yes,16,4,8,NULL,1,حفظ قرآن و حدیث,نوجوان,حفظ دوساله,25000,مصباح جزا شانزده الی بیست
352,380,29,مصباح دو ساله جزء بیست و یک تا بیست و پنج,350000,2,yes,15,8,20,NULL,2,حفظ قرآن و حدیث,نوجوان,حفظ دوساله,35000,مصباح دو ساله جزء بیست و یک تا بیست و پنج
351,379,29,مصباح دو ساله جزء شانزده تا بیست,350000,2,yes,15,8,20,NULL,2,حفظ قرآن و حدیث,نوجوان,حفظ دوساله,35000,مصباح دو ساله جزء شانزده تا بیست
349,377,29,مصباح دو ساله جزء شش تا ده,350000,2,yes,15,8,20,NULL,2,حفظ قرآن و حدیث,نوجوان,حفظ دوساله,35000,مصباح دو ساله جزء شش تا ده
348,376,29,مصباح دو ساله جزء یک تا پنج,350000,2,yes,15,8,20,NULL,2,حفظ قرآن و حدیث,نوجوان,حفظ دوساله,35000,مصباح دو ساله جزء یک تا پنج
350,378,29,مصباح دوساله جزء یازده تا پانزده,350000,2,yes,15,8,20,NULL,2,حفظ قرآن و حدیث,نوجوان,حفظ دوساله,35000,مصباح دوساله جزء یازده تا پانزده
21,45,29,سه ساله,350000,2,yes,17,6,12,NULL,2,حفظ قرآن و حدیث,نوجوان,حفظ سه ساله,35000,سه ساله
161,189,3,سه ساله,350000,3,yes,17,6,12,NULL,1,حفظ قرآن و حدیث,نوجوان,حفظ سه ساله,35000,سه ساله
5,29,29,حفظ شش ساله جزء یک تا پنج,350000,1,yes,17,10,12,65,2,حفظ قرآن و حدیث,نوجوان,حفظ شش ساله,35000,حفظ پنج جزء اول
257,285,29,حفظ شش ساله پنج جزء پنجم,350000,2,yes,17,10,12,NULL,2,حفظ قرآن و حدیث,نوجوان,حفظ شش ساله,35000,حفظ شش ساله پنج جزء پنجم
256,284,29,حفظ شش ساله پنج جزء چهارم,350000,2,yes,17,10,12,NULL,2,حفظ قرآن و حدیث,نوجوان,حفظ شش ساله,35000,حفظ شش ساله پنج جزء چهارم
255,283,29,حفظ شش ساله پنج جزء سوم,350000,2,yes,17,10,12,NULL,2,حفظ قرآن و حدیث,نوجوان,حفظ شش ساله,35000,حفظ شش ساله پنج جزء سوم
258,286,29,حفظ شش ساله جزء بیست و شش تا بیست و نه,200000,4,yes,17,10,12,NULL,2,حفظ قرآن و حدیث,نوجوان,حفظ شش ساله,20000,حفظ شش ساله جزء بیست و شش تا بیست و نه
254,282,29,حفظ شش ساله جزء شش تا ده,350000,2,yes,17,10,12,NULL,2,حفظ قرآن و حدیث,نوجوان,حفظ شش ساله,35000,حفظ شش ساله جزء شش تا ده
321,349,3,شش ساله پنج جزء اول,350000,2,yes,17,8,12,30,1,حفظ قرآن و حدیث,نوجوان,حفظ شش ساله,35000,شش ساله پنج جزء اول
405,433,3,شش ساله پنج جزء اول,0,3,yes,17,1,120,NULL,1,حفظ قرآن و حدیث,نوجوان,حفظ شش ساله,0,شش ساله پنج جزء اول
330,358,3,شش ساله پنج جزء پنجم,350000,2,yes,17,8,12,30,1,حفظ قرآن و حدیث,نوجوان,حفظ شش ساله,35000,شش ساله پنج جزء پنجم
155,183,3,شش ساله پنج جزء چهارم,350000,2,yes,17,8,12,30,1,حفظ قرآن و حدیث,نوجوان,حفظ شش ساله,35000,شش ساله پنج جزء چهارم
329,357,3,شش ساله پنج جزء چهارم,350000,2,yes,17,8,12,30,1,حفظ قرآن و حدیث,نوجوان,حفظ شش ساله,35000,شش ساله پنج جزء چهارم
323,351,3,شش ساله پنج جزء دوم,350000,2,yes,17,8,12,30,1,حفظ قرآن و حدیث,نوجوان,حفظ شش ساله,35000,شش ساله پنج جزء دوم
406,434,3,شش ساله پنج جزء دوم,0,3,yes,17,5,120,NULL,1,حفظ قرآن و حدیث,نوجوان,حفظ شش ساله,0,شش ساله پنج جزء دوم
328,356,3,شش ساله پنج جزء سوم,350000,2,yes,17,8,12,30,1,حفظ قرآن و حدیث,نوجوان,حفظ شش ساله,35000,شش ساله پنج جزء سوم
331,359,3,شش ساله پنج جزء ششم,350000,2,yes,17,8,12,30,1,حفظ قرآن و حدیث,نوجوان,حفظ شش ساله,35000,شش ساله پنج جزء ششم
46,71,29,حفظ آزمایشی,350000,5,yes,15,12,40,30,2,حفظ قرآن و حدیث,نوجوان,حفظ قرآن,35000,حفظ آزمایشی
166,194,3,حفظ آزمایشی,350000,2,no,17,12,20,35,1,حفظ قرآن و حدیث,نوجوان,حفظ قرآن,35000,حفظ آزمایشی
398,426,29,حفظ آزمایشی محصلان,200000,5,yes,15,10,25,NULL,2,حفظ قرآن و حدیث,نوجوان,حفظ قرآن,20000,حفظ آزمایشی محصلان
139,165,6,حفظ ترتیبی قرآن مقطع بیست جزء,0,10,yes,80,10,1000,800,3,حفظ قرآن و حدیث,نوجوان,حفظ قرآن,0,حفظ ترتیبی قرآن مقطع بیست جزء
140,166,6,حفظ ترتیبی قرآن مقطع بیست و پنج جزء,0,10,yes,80,10,1000,1000,3,حفظ قرآن و حدیث,نوجوان,حفظ قرآن,0,حفظ ترتیبی قرآن مقطع بیست و پنج جزء
138,164,6,حفظ ترتیبی قرآن مقطع پانزده جزء,0,10,yes,80,10,1000,600,3,حفظ قرآن و حدیث,نوجوان,حفظ قرآن,0,حفظ ترتیبی قرآن مقطع پانزده جزء
136,162,6,حفظ ترتیبی قرآن مقطع پنج جزء,0,10,yes,80,10,1000,200,3,حفظ قرآن و حدیث,نوجوان,حفظ قرآن,0,حفظ ترتیبی قرآن مقطع پنج جزء
134,160,6,حفظ ترتیبی قرآن مقطع جزء یک,0,10,yes,80,10,1000,40,3,حفظ قرآن و حدیث,نوجوان,حفظ قرآن,0,حفظ ترتیبی قرآن مقطع جزء یک
137,163,6,حفظ ترتیبی قرآن مقطع ده جزء,0,10,yes,80,10,1000,400,3,حفظ قرآن و حدیث,نوجوان,حفظ قرآن,0,حفظ ترتیبی قرآن مقطع ده جزء
135,161,6,حفظ ترتیبی قرآن مقطع سه جزء,0,10,yes,80,10,1000,120,3,حفظ قرآن و حدیث,نوجوان,حفظ قرآن,0,حفظ ترتیبی قرآن مقطع سه جزء
141,167,6,حفظ ترتیبی قرآن مقطع سی جزء,0,10,yes,80,10,1000,1200,3,حفظ قرآن و حدیث,نوجوان,حفظ قرآن,0,حفظ ترتیبی قرآن مقطع سی جزء
128,153,6,حفظ جزء سی ام قرآن کریم,0,0,yes,80,10,1000,40,3,حفظ قرآن و حدیث,نوجوان,حفظ قرآن,0,حفظ جزء سی ام قرآن کریم
262,290,3,طرح آزاد حفظ,350000,3,yes,15,8,20,35,1,حفظ قرآن و حدیث,نوجوان,حفظ قرآن,35000,طرح آزاد حفظ
68,93,29,هدی حفظ آزاد,200000,4,yes,16,8,20,NULL,2,حفظ قرآن و حدیث,نوجوان,حفظ قرآن,20000,هدی حفظ آزاد
407,435,3,استاد محور,200000,3,yes,17,0,20,100,1,حفظ قرآن و حدیث,نوجوان,حفظ قرآن,20000,استاد محور
130,155,6,حفظ سوره مبارکه یس,0,10,yes,80,10,1000,10,3,حفظ قرآن و حدیث,نوجوان,حفظ موضوعی,0,حفظ سوره مبارکه یس
50,75,6,حفظ موضوعی قرآن کریم,0,0,yes,14,1,1000,60,3,حفظ قرآن و حدیث,نوجوان,حفظ موضوعی,0,حفظ موضوعی قرآن کریم
129,154,6,منتخب سور,0,0,yes,15,10,1000,0,3,حفظ قرآن و حدیث,نوجوان,حفظ موضوعی,0,منتخب سور
186,214,6,حفظ حکمت های نهچ البلاغه,0,10,yes,14,10,999,15,3,حفظ قرآن و حدیث,نوجوان,حفظ نهج البلاغه,0,حفظ حکمت های نهچ البلاغه
57,82,3,حفظ نهج البلاغه,250000,2,yes,80,6,15,NULL,1,حفظ قرآن و حدیث,نوجوان,حفظ نهج البلاغه,25000,حفظ نهج البلاغه
313,341,29,حفظ نهج البلاغه,200000,4,yes,15,8,15,NULL,2,حفظ قرآن و حدیث,نوجوان,حفظ نهج البلاغه,20000,حفظ نهج البلاغه
19,43,29,منهاج محصلان جزء یک تا پنج,200000,4,yes,16,8,20,NULL,2,حفظ قرآن و حدیث,نوجوان,حفظ هشت ساله,20000,حفظ پنج جزء اول
248,276,29,منهاج محصلان جزء بیست و شش تا بیست و نه,200000,2,yes,16,8,20,NULL,2,حفظ قرآن و حدیث,نوجوان,حفظ هشت ساله,20000,منهاج محصلان جزء بیست و شش تا بیست و نه
247,275,29,منهاج محصلان جزء بیست و یک تا بیست و پنج,200000,2,yes,16,8,20,NULL,2,حفظ قرآن و حدیث,نوجوان,حفظ هشت ساله,20000,منهاج محصلان جزء بیست و یک تا بیست و پنج
246,274,29,منهاج محصلان جزء شانزده تا بیست,200000,2,yes,16,8,20,NULL,2,حفظ قرآن و حدیث,نوجوان,حفظ هشت ساله,20000,منهاج محصلان جزء شانزده تا بیست
244,272,29,منهاج محصلان جزء شش تا ده,200000,4,yes,16,8,20,NULL,2,حفظ قرآن و حدیث,نوجوان,حفظ هشت ساله,20000,منهاج محصلان جزء شش تا ده
245,273,29,منهاج محصلان جزء یازده تا پانزده,200000,2,yes,16,8,20,NULL,2,حفظ قرآن و حدیث,نوجوان,حفظ هشت ساله,20000,منهاج محصلان جزء یازده تا پانزده
332,360,3,هشت ساله پنج جزء اول,350000,2,yes,15,8,10,300,1,حفظ قرآن و حدیث,نوجوان,حفظ هشت ساله,35000,هشت ساله پنج جزء اول
342,370,3,هشت ساله پنج جزء پنجم,350000,2,yes,15,8,10,300,1,حفظ قرآن و حدیث,نوجوان,حفظ هشت ساله,35000,هشت ساله پنج جزء پنجم
341,369,3,هشت ساله پنج جزء چهارم,350000,2,yes,15,8,10,300,1,حفظ قرآن و حدیث,نوجوان,حفظ هشت ساله,35000,هشت ساله پنج جزء چهارم
339,367,3,هشت ساله پنج جزء دوم,350000,2,yes,15,8,10,300,1,حفظ قرآن و حدیث,نوجوان,حفظ هشت ساله,35000,هشت ساله پنج جزء دوم
340,368,3,هشت ساله پنج جزء سوم,350000,2,yes,15,8,10,300,1,حفظ قرآن و حدیث,نوجوان,حفظ هشت ساله,35000,هشت ساله پنج جزء سوم
343,371,3,هشت ساله پنج جزء ششم,350000,2,yes,15,8,10,300,1,حفظ قرآن و حدیث,نوجوان,حفظ هشت ساله,35000,هشت ساله پنج جزء ششم
85,110,3,منهاج جزء شش الی ده,250000,3,yes,16,4,12,NULL,1,حفظ قرآن و حدیث,جوان,حفظ پنج ساله,25000,جزء شش الی ده
16,40,29,منهاج پنج ساله جزء یک تا پنج,350000,9,yes,15,8,20,NULL,2,حفظ قرآن و حدیث,جوان,حفظ پنج ساله,35000,جزء یک تا پنج
84,109,3,منهاج جزء یک الی پنج,250000,3,yes,16,4,12,NULL,1,حفظ قرآن و حدیث,جوان,حفظ پنج ساله,25000,جزء یک تا پنج
243,271,29,منهاج پنج ساله جزء بیست و شش تا بیست و نه,200000,4,yes,15,8,20,NULL,2,حفظ قرآن و حدیث,جوان,حفظ پنج ساله,20000,منهاج پنج ساله جزء بیست و شش تا بیست و نه
242,270,29,منهاج پنج ساله جزء بیست و یک تا بیست و پنج,350000,4,yes,15,8,20,NULL,2,حفظ قرآن و حدیث,جوان,حفظ پنج ساله,35000,منهاج پنج ساله جزء بیست و یک تا بیست و پنج
241,269,29,منهاج پنج ساله جزء شانزده تا بیست,350000,4,yes,15,8,20,NULL,2,حفظ قرآن و حدیث,جوان,حفظ پنج ساله,35000,منهاج پنج ساله جزء شانزده تا بیست
239,267,29,منهاج پنج ساله جزء شش تا ده,350000,4,yes,15,8,20,NULL,2,حفظ قرآن و حدیث,جوان,حفظ پنج ساله,35000,منهاج پنج ساله جزء شش تا ده
240,268,29,منهاج پنج ساله جزء یازده تا پانزده,350000,4,yes,15,8,20,NULL,2,حفظ قرآن و حدیث,جوان,حفظ پنج ساله,35000,منهاج پنج ساله جزء یازده تا پانزده
89,114,3,منهاج جزء بیست و شش الی سی,250000,3,yes,16,6,12,NULL,1,حفظ قرآن و حدیث,جوان,حفظ پنج ساله,25000,منهاج جزء بیست و شش الی سی
88,113,3,منهاج جزء بیست و یک الی بیست و پنج,250000,3,yes,16,4,12,NULL,1,حفظ قرآن و حدیث,جوان,حفظ پنج ساله,25000,منهاج جزء بیست و یک الی بیست و پنج
87,112,3,منهاج جزء شانزده الی بیست,250000,3,yes,16,10,16,NULL,1,حفظ قرآن و حدیث,جوان,حفظ پنج ساله,25000,منهاج جزء شانزده الی بیست
86,111,3,منهاج جزء یازده الی پانزده,250000,3,yes,16,4,12,NULL,1,حفظ قرآن و حدیث,جوان,حفظ پنج ساله,25000,منهاج جزء یازده الی پانزده
15,39,29,مشکات چهارساله جزء یک تا پنج,350000,4,yes,15,8,20,NULL,2,حفظ قرآن و حدیث,جوان,حفظ چهار ساله,35000,جزء یک تا پنج
252,280,29,چهارساله جزء بیست و یک تا بیست و پنج,350000,2,yes,16,8,12,NULL,2,حفظ قرآن و حدیث,جوان,حفظ چهار ساله,35000,چهارساله جزء بیست و یک تا بیست و پنج
251,279,29,چهارساله جزء شانزده تا بیست,350000,2,yes,17,8,12,NULL,2,حفظ قرآن و حدیث,جوان,حفظ چهار ساله,35000,چهارساله جزء شانزده تا بیست
249,277,29,چهارساله جزء شش تا ده,350000,2,yes,17,8,12,NULL,2,حفظ قرآن و حدیث,جوان,حفظ چهار ساله,35000,چهارساله جزء شش تا ده
250,278,29,چهارساله جزء یازده تا پانزده,350000,4,yes,17,8,12,NULL,2,حفظ قرآن و حدیث,جوان,حفظ چهار ساله,35000,چهارساله جزء یازده تا پانزده
22,46,29,چهارساله جزء یک تا پنج,350000,4,yes,17,8,12,110,2,حفظ قرآن و حدیث,جوان,حفظ چهار ساله,35000,حفظ پنج جزء اول
162,190,3,چهارساله پنج جزء اول,350000,2,yes,15,7,10,400,1,حفظ قرآن و حدیث,جوان,حفظ چهار ساله,35000,حفظ پنج جزء اول
326,354,3,چهارساله پنج جزء پنجم,350000,2,yes,15,7,10,400,1,حفظ قرآن و حدیث,جوان,حفظ چهار ساله,35000,حفظ پنج جزء پنجم
325,353,3,چهارساله پنج جزء چهارم,350000,2,yes,15,7,10,400,1,حفظ قرآن و حدیث,جوان,حفظ چهار ساله,35000,حفظ پنج جزء چهارم
322,350,3,چهارساله پنج جزء دوم,350000,2,yes,15,7,10,400,1,حفظ قرآن و حدیث,جوان,حفظ چهار ساله,35000,حفظ پنج جزء دوم
324,352,3,چهارساله پنج جزء سوم,350000,2,yes,15,7,10,400,1,حفظ قرآن و حدیث,جوان,حفظ چهار ساله,35000,حفظ پنج جزء سوم
327,355,3,چهارساله پنج جزء ششم,350000,2,yes,15,7,10,400,1,حفظ قرآن و حدیث,جوان,حفظ چهار ساله,35000,حفظ پنج جزء ششم
83,108,3,مشکات جزء بیست و شش الی سی,250000,3,yes,16,6,12,NULL,1,حفظ قرآن و حدیث,جوان,حفظ چهار ساله,25000,مشکات جزء بیست و شش الی سی
82,107,3,مشکات جزء بیست و یک الی بیست و پنج,250000,3,yes,16,4,8,NULL,1,حفظ قرآن و حدیث,جوان,حفظ چهار ساله,25000,مشکات جزء بیست و یک الی بیست و پنج
81,106,3,مشکات جزء شانزده الی بیست,250000,3,yes,16,4,8,NULL,1,حفظ قرآن و حدیث,جوان,حفظ چهار ساله,25000,مشکات جزء شانزده الی بیست
79,104,3,مشکات جزء شش الی ده,250000,3,yes,16,4,8,NULL,1,حفظ قرآن و حدیث,جوان,حفظ چهار ساله,25000,مشکات جزء شش الی ده
80,105,3,مشکات جزء یازده الی پانزده,250000,3,yes,16,4,8,NULL,1,حفظ قرآن و حدیث,جوان,حفظ چهار ساله,25000,مشکات جزء یازده الی پانزده
78,103,3,مشکات جزء یک الی پنج,250000,3,yes,16,4,8,NULL,1,حفظ قرآن و حدیث,جوان,حفظ چهار ساله,25000,مشکات جزء یک الی پنج
238,266,29,مشکات چهارساله جزء بیست و شش تا بیست و نه,350000,4,yes,15,8,20,NULL,2,حفظ قرآن و حدیث,جوان,حفظ چهار ساله,35000,مشکات چهارساله جزء بیست و شش تا بیست و نه
253,281,29,مشکات چهارساله جزء بیست و شش تا بیست و نه,350000,4,yes,16,8,20,NULL,2,حفظ قرآن و حدیث,جوان,حفظ چهار ساله,35000,مشکات چهارساله جزء بیست و شش تا بیست و نه
237,265,29,مشکات چهارساله جزء بیست و یک تا بیست و پنج,350000,4,yes,15,8,20,NULL,2,حفظ قرآن و حدیث,جوان,حفظ چهار ساله,35000,مشکات چهارساله جزء بیست و یک تا بیست و پنج
236,264,29,مشکات چهارساله جزء شانزده تا بیست,350000,4,yes,15,8,20,NULL,2,حفظ قرآن و حدیث,جوان,حفظ چهار ساله,35000,مشکات چهارساله جزء شانزده تا بیست
234,262,29,مشکات چهارساله جزء شش تا ده,350000,4,yes,15,8,20,NULL,2,حفظ قرآن و حدیث,جوان,حفظ چهار ساله,35000,مشکات چهارساله جزء شش تا ده
235,263,29,مشکات چهارساله جزء یازده تا پانزده,350000,4,yes,15,8,20,NULL,2,حفظ قرآن و حدیث,جوان,حفظ چهار ساله,35000,مشکات چهارساله جزء یازده تا پانزده
14,38,29,مصباح دو ساله جزء بیست و شش تا بیست و نه,350000,4,yes,15,8,20,NULL,2,حفظ قرآن و حدیث,جوان,حفظ دوساله,35000,حفظ بیست و پنج تا بیست و شش
2,25,29,دوساله,350000,2,yes,17,6,10,55,2,حفظ قرآن و حدیث,جوان,حفظ دوساله,35000,حفظ دوساله
333,361,3,دو ساله پنج جزء اول,350000,2,yes,15,5,10,100,1,حفظ قرآن و حدیث,جوان,حفظ دوساله,35000,دو ساله پنج جزء اول
337,365,3,دو ساله پنج جزء پنجم,350000,2,yes,15,5,10,100,1,حفظ قرآن و حدیث,جوان,حفظ دوساله,35000,دو ساله پنج جزء پنجم
336,364,3,دو ساله پنج جزء چهارم,350000,2,yes,15,5,10,100,1,حفظ قرآن و حدیث,جوان,حفظ دوساله,35000,دو ساله پنج جزء چهارم
334,362,4,دو ساله پنج جزء دوم,350000,2,yes,15,5,10,100,1,حفظ قرآن و حدیث,جوان,حفظ دوساله,35000,دو ساله پنج جزء دوم
335,363,3,دو ساله پنج جزء دوم,350000,2,yes,15,5,10,100,1,حفظ قرآن و حدیث,جوان,حفظ دوساله,35000,دو ساله پنج جزء دوم
338,366,3,دو ساله پنج جزء ششم,350000,2,yes,15,5,10,100,1,حفظ قرآن و حدیث,جوان,حفظ دوساله,35000,دو ساله پنج جزء ششم
152,180,3,دوساله,350000,3,yes,16,6,10,NULL,1,حفظ قرآن و حدیث,جوان,حفظ دوساله,35000,دوساله
149,176,3,مصباح جزء بیست و شش الی سی,250000,2,yes,16,5,10,NULL,1,حفظ قرآن و حدیث,جوان,حفظ دوساله,25000,مصباح جزء بیست و شش الی سی
148,175,3,مصباح جزء بیست و یک الی بیست و پنج,350000,3,yes,16,4,8,NULL,1,حفظ قرآن و حدیث,جوان,حفظ دوساله,35000,مصباح جزء بیست و یک الی بیست و پنج
145,172,3,مصباح جزء شش الی ده,350000,3,yes,16,4,8,NULL,1,حفظ قرآن و حدیث,جوان,حفظ دوساله,35000,مصباح جزء شش الی ده
146,173,3,مصباح جزء یازده الی پانزده,250000,2,yes,16,4,8,NULL,1,حفظ قرآن و حدیث,جوان,حفظ دوساله,25000,مصباح جزء یازده الی پانزده
144,171,3,مصباح جزء یک الی پنج,350000,3,yes,16,4,8,NULL,1,حفظ قرآن و حدیث,جوان,حفظ دوساله,35000,مصباح جزء یک الی پنج
147,174,3,مصباح جزا شانزده الی بیست,250000,3,yes,16,4,8,NULL,1,حفظ قرآن و حدیث,جوان,حفظ دوساله,25000,مصباح جزا شانزده الی بیست
352,380,29,مصباح دو ساله جزء بیست و یک تا بیست و پنج,350000,2,yes,15,8,20,NULL,2,حفظ قرآن و حدیث,جوان,حفظ دوساله,35000,مصباح دو ساله جزء بیست و یک تا بیست و پنج
351,379,29,مصباح دو ساله جزء شانزده تا بیست,350000,2,yes,15,8,20,NULL,2,حفظ قرآن و حدیث,جوان,حفظ دوساله,35000,مصباح دو ساله جزء شانزده تا بیست
349,377,29,مصباح دو ساله جزء شش تا ده,350000,2,yes,15,8,20,NULL,2,حفظ قرآن و حدیث,جوان,حفظ دوساله,35000,مصباح دو ساله جزء شش تا ده
348,376,29,مصباح دو ساله جزء یک تا پنج,350000,2,yes,15,8,20,NULL,2,حفظ قرآن و حدیث,جوان,حفظ دوساله,35000,مصباح دو ساله جزء یک تا پنج
350,378,29,مصباح دوساله جزء یازده تا پانزده,350000,2,yes,15,8,20,NULL,2,حفظ قرآن و حدیث,جوان,حفظ دوساله,35000,مصباح دوساله جزء یازده تا پانزده
21,45,29,سه ساله,350000,2,yes,17,6,12,NULL,2,حفظ قرآن و حدیث,جوان,حفظ سه ساله,35000,سه ساله
161,189,3,سه ساله,350000,3,yes,17,6,12,NULL,1,حفظ قرآن و حدیث,جوان,حفظ سه ساله,35000,سه ساله
5,29,29,حفظ شش ساله جزء یک تا پنج,350000,1,yes,17,10,12,65,2,حفظ قرآن و حدیث,جوان,حفظ شش ساله,35000,حفظ پنج جزء اول
257,285,29,حفظ شش ساله پنج جزء پنجم,350000,2,yes,17,10,12,NULL,2,حفظ قرآن و حدیث,جوان,حفظ شش ساله,35000,حفظ شش ساله پنج جزء پنجم
256,284,29,حفظ شش ساله پنج جزء چهارم,350000,2,yes,17,10,12,NULL,2,حفظ قرآن و حدیث,جوان,حفظ شش ساله,35000,حفظ شش ساله پنج جزء چهارم
255,283,29,حفظ شش ساله پنج جزء سوم,350000,2,yes,17,10,12,NULL,2,حفظ قرآن و حدیث,جوان,حفظ شش ساله,35000,حفظ شش ساله پنج جزء سوم
258,286,29,حفظ شش ساله جزء بیست و شش تا بیست و نه,200000,4,yes,17,10,12,NULL,2,حفظ قرآن و حدیث,جوان,حفظ شش ساله,20000,حفظ شش ساله جزء بیست و شش تا بیست و نه
254,282,29,حفظ شش ساله جزء شش تا ده,350000,2,yes,17,10,12,NULL,2,حفظ قرآن و حدیث,جوان,حفظ شش ساله,35000,حفظ شش ساله جزء شش تا ده
321,349,3,شش ساله پنج جزء اول,350000,2,yes,17,8,12,30,1,حفظ قرآن و حدیث,جوان,حفظ شش ساله,35000,شش ساله پنج جزء اول
405,433,3,شش ساله پنج جزء اول,0,3,yes,17,1,120,NULL,1,حفظ قرآن و حدیث,جوان,حفظ شش ساله,0,شش ساله پنج جزء اول
330,358,3,شش ساله پنج جزء پنجم,350000,2,yes,17,8,12,30,1,حفظ قرآن و حدیث,جوان,حفظ شش ساله,35000,شش ساله پنج جزء پنجم
155,183,3,شش ساله پنج جزء چهارم,350000,2,yes,17,8,12,30,1,حفظ قرآن و حدیث,جوان,حفظ شش ساله,35000,شش ساله پنج جزء چهارم
329,357,3,شش ساله پنج جزء چهارم,350000,2,yes,17,8,12,30,1,حفظ قرآن و حدیث,جوان,حفظ شش ساله,35000,شش ساله پنج جزء چهارم
323,351,3,شش ساله پنج جزء دوم,350000,2,yes,17,8,12,30,1,حفظ قرآن و حدیث,جوان,حفظ شش ساله,35000,شش ساله پنج جزء دوم
406,434,3,شش ساله پنج جزء دوم,0,3,yes,17,5,120,NULL,1,حفظ قرآن و حدیث,جوان,حفظ شش ساله,0,شش ساله پنج جزء دوم
328,356,3,شش ساله پنج جزء سوم,350000,2,yes,17,8,12,30,1,حفظ قرآن و حدیث,جوان,حفظ شش ساله,35000,شش ساله پنج جزء سوم
331,359,3,شش ساله پنج جزء ششم,350000,2,yes,17,8,12,30,1,حفظ قرآن و حدیث,جوان,حفظ شش ساله,35000,شش ساله پنج جزء ششم
46,71,29,حفظ آزمایشی,350000,5,yes,15,12,40,30,2,حفظ قرآن و حدیث,جوان,حفظ قرآن,35000,حفظ آزمایشی
166,194,3,حفظ آزمایشی,350000,2,no,17,12,20,35,1,حفظ قرآن و حدیث,جوان,حفظ قرآن,35000,حفظ آزمایشی
398,426,29,حفظ آزمایشی محصلان,200000,5,yes,15,10,25,NULL,2,حفظ قرآن و حدیث,جوان,حفظ قرآن,20000,حفظ آزمایشی محصلان
139,165,6,حفظ ترتیبی قرآن مقطع بیست جزء,0,10,yes,80,10,1000,800,3,حفظ قرآن و حدیث,جوان,حفظ قرآن,0,حفظ ترتیبی قرآن مقطع بیست جزء
140,166,6,حفظ ترتیبی قرآن مقطع بیست و پنج جزء,0,10,yes,80,10,1000,1000,3,حفظ قرآن و حدیث,جوان,حفظ قرآن,0,حفظ ترتیبی قرآن مقطع بیست و پنج جزء
138,164,6,حفظ ترتیبی قرآن مقطع پانزده جزء,0,10,yes,80,10,1000,600,3,حفظ قرآن و حدیث,جوان,حفظ قرآن,0,حفظ ترتیبی قرآن مقطع پانزده جزء
136,162,6,حفظ ترتیبی قرآن مقطع پنج جزء,0,10,yes,80,10,1000,200,3,حفظ قرآن و حدیث,جوان,حفظ قرآن,0,حفظ ترتیبی قرآن مقطع پنج جزء
134,160,6,حفظ ترتیبی قرآن مقطع جزء یک,0,10,yes,80,10,1000,40,3,حفظ قرآن و حدیث,جوان,حفظ قرآن,0,حفظ ترتیبی قرآن مقطع جزء یک
137,163,6,حفظ ترتیبی قرآن مقطع ده جزء,0,10,yes,80,10,1000,400,3,حفظ قرآن و حدیث,جوان,حفظ قرآن,0,حفظ ترتیبی قرآن مقطع ده جزء
135,161,6,حفظ ترتیبی قرآن مقطع سه جزء,0,10,yes,80,10,1000,120,3,حفظ قرآن و حدیث,جوان,حفظ قرآن,0,حفظ ترتیبی قرآن مقطع سه جزء
141,167,6,حفظ ترتیبی قرآن مقطع سی جزء,0,10,yes,80,10,1000,1200,3,حفظ قرآن و حدیث,جوان,حفظ قرآن,0,حفظ ترتیبی قرآن مقطع سی جزء
128,153,6,حفظ جزء سی ام قرآن کریم,0,0,yes,80,10,1000,40,3,حفظ قرآن و حدیث,جوان,حفظ قرآن,0,حفظ جزء سی ام قرآن کریم
262,290,3,طرح آزاد حفظ,350000,3,yes,15,8,20,35,1,حفظ قرآن و حدیث,جوان,حفظ قرآن,35000,طرح آزاد حفظ
68,93,29,هدی حفظ آزاد,200000,4,yes,16,8,20,NULL,2,حفظ قرآن و حدیث,جوان,حفظ قرآن,20000,هدی حفظ آزاد
407,435,3,استاد محور,200000,3,yes,17,0,20,100,1,حفظ قرآن و حدیث,جوان,حفظ قرآن,20000,استاد محور
130,155,6,حفظ سوره مبارکه یس,0,10,yes,80,10,1000,10,3,حفظ قرآن و حدیث,جوان,حفظ موضوعی,0,حفظ سوره مبارکه یس
50,75,6,حفظ موضوعی قرآن کریم,0,0,yes,14,1,1000,60,3,حفظ قرآن و حدیث,جوان,حفظ موضوعی,0,حفظ موضوعی قرآن کریم
129,154,6,منتخب سور,0,0,yes,15,10,1000,0,3,حفظ قرآن و حدیث,جوان,حفظ موضوعی,0,منتخب سور
186,214,6,حفظ حکمت های نهچ البلاغه,0,10,yes,14,10,999,15,3,حفظ قرآن و حدیث,جوان,حفظ نهج البلاغه,0,حفظ حکمت های نهچ البلاغه
57,82,3,حفظ نهج البلاغه,250000,2,yes,80,6,15,NULL,1,حفظ قرآن و حدیث,جوان,حفظ نهج البلاغه,25000,حفظ نهج البلاغه
313,341,29,حفظ نهج البلاغه,200000,4,yes,15,8,15,NULL,2,حفظ قرآن و حدیث,جوان,حفظ نهج البلاغه,20000,حفظ نهج البلاغه
19,43,29,منهاج محصلان جزء یک تا پنج,200000,4,yes,16,8,20,NULL,2,حفظ قرآن و حدیث,جوان,حفظ هشت ساله,20000,حفظ پنج جزء اول
248,276,29,منهاج محصلان جزء بیست و شش تا بیست و نه,200000,2,yes,16,8,20,NULL,2,حفظ قرآن و حدیث,جوان,حفظ هشت ساله,20000,منهاج محصلان جزء بیست و شش تا بیست و نه
247,275,29,منهاج محصلان جزء بیست و یک تا بیست و پنج,200000,2,yes,16,8,20,NULL,2,حفظ قرآن و حدیث,جوان,حفظ هشت ساله,20000,منهاج محصلان جزء بیست و یک تا بیست و پنج
246,274,29,منهاج محصلان جزء شانزده تا بیست,200000,2,yes,16,8,20,NULL,2,حفظ قرآن و حدیث,جوان,حفظ هشت ساله,20000,منهاج محصلان جزء شانزده تا بیست
244,272,29,منهاج محصلان جزء شش تا ده,200000,4,yes,16,8,20,NULL,2,حفظ قرآن و حدیث,جوان,حفظ هشت ساله,20000,منهاج محصلان جزء شش تا ده
245,273,29,منهاج محصلان جزء یازده تا پانزده,200000,2,yes,16,8,20,NULL,2,حفظ قرآن و حدیث,جوان,حفظ هشت ساله,20000,منهاج محصلان جزء یازده تا پانزده
332,360,3,هشت ساله پنج جزء اول,350000,2,yes,15,8,10,300,1,حفظ قرآن و حدیث,جوان,حفظ هشت ساله,35000,هشت ساله پنج جزء اول
342,370,3,هشت ساله پنج جزء پنجم,350000,2,yes,15,8,10,300,1,حفظ قرآن و حدیث,جوان,حفظ هشت ساله,35000,هشت ساله پنج جزء پنجم
341,369,3,هشت ساله پنج جزء چهارم,350000,2,yes,15,8,10,300,1,حفظ قرآن و حدیث,جوان,حفظ هشت ساله,35000,هشت ساله پنج جزء چهارم
339,367,3,هشت ساله پنج جزء دوم,350000,2,yes,15,8,10,300,1,حفظ قرآن و حدیث,جوان,حفظ هشت ساله,35000,هشت ساله پنج جزء دوم
340,368,3,هشت ساله پنج جزء سوم,350000,2,yes,15,8,10,300,1,حفظ قرآن و حدیث,جوان,حفظ هشت ساله,35000,هشت ساله پنج جزء سوم
343,371,3,هشت ساله پنج جزء ششم,350000,2,yes,15,8,10,300,1,حفظ قرآن و حدیث,جوان,حفظ هشت ساله,35000,هشت ساله پنج جزء ششم
189,217,25,ردیف خوانی,0,2,no,70,15,35,NULL,10,معارف قرآن و حدیث,جوان,ردیف خوانی,0,ردیف خوانی
314,342,1,ردیف خوانی,350000,3,no,16,10,20,15,1,معارف قرآن و حدیث,نوجوان,ردیف خوانی,35000,ردیف خوانی
10,34,28,تلاوت یک جزء,350000,8,yes,16,14,50,NULL,2,علوم و فنون قرائت,جوان,صحت قرائت,35000,تلاوت یک جزء
11,35,28,روانخوانی و مفاهیم,250000,7,yes,16,14,50,30,2,علوم و فنون قرائت,جوان,صحت قرائت,25000,روانخوانی و مفاهیم
6,30,28,روخوانی و روان خوانی,350000,8,yes,16,15,35,NULL,2,علوم و فنون قرائت,نوجوان,صحت قرائت,35000,روخوانی و روانخوانی
61,86,2,روخوانی و روانخوانی,350000,8,yes,16,15,20,60,1,علوم و فنون قرائت,نوجوان,صحت قرائت,35000,روخوانی و روانخوانی
48,73,6,صحت قرائت و روان خوانی قرآن کریم,0,10,yes,16,1,2000,25,3,علوم و فنون قرائت,نوجوان,صحت قرائت,0,صحت قرائت و روان خوانی قرآن کریم
6,30,28,روخوانی و روان خوانی,350000,8,yes,16,15,35,NULL,2,علوم و فنون قرائت,کودک,صحت قرائت,35000,روخوانی و روانخوانی
61,86,2,روخوانی و روانخوانی,350000,8,yes,16,15,20,60,1,علوم و فنون قرائت,کودک,صحت قرائت,35000,روخوانی و روانخوانی
48,73,6,صحت قرائت و روان خوانی قرآن کریم,0,10,yes,16,1,2000,25,3,علوم و فنون قرائت,کودک,صحت قرائت,0,صحت قرائت و روان خوانی قرآن کریم
6,30,28,روخوانی و روان خوانی,350000,8,yes,16,15,35,NULL,2,علوم و فنون قرائت,جوان,صحت قرائت,35000,روخوانی و روانخوانی
61,86,2,روخوانی و روانخوانی,350000,8,yes,16,15,20,60,1,علوم و فنون قرائت,جوان,صحت قرائت,35000,روخوانی و روانخوانی
48,73,6,صحت قرائت و روان خوانی قرآن کریم,0,10,yes,16,1,2000,25,3,علوم و فنون قرائت,جوان,صحت قرائت,0,صحت قرائت و روان خوانی قرآن کریم
366,394,2,قبولی های قدیمی روخوانی وروانخوانی,0,0,yes,16,1,1000,NULL,1,علوم و فنون قرائت,جوان,صحت قرائت,0,قبولی های قدیمی روخوانی وروانخوانی
64,89,28,کارگاه تصحیح قرائت نماز,150000,4,no,10,15,50,NULL,2,علوم و فنون قرائت,جوان,صحت قرائت,15000,کارگاه تصحیح قرائت نماز
190,220,2,کارگاه روان خوانی,200000,1,no,16,5,20,20,1,علوم و فنون قرائت,نوجوان,صحت قرائت,20000,کارگاه روان خوانی
174,203,28,کارگاه روانخوانی,200000,2,yes,16,10,0,20,0,علوم و فنون قرائت,نوجوان,صحت قرائت,20000,کارگاه روانخوانی
158,186,2,کارگاه روان خوانی,200000,3,no,16,15,20,20,1,علوم و فنون قرائت,کودک,صحت قرائت,20000,کارگاه روان خوانی
142,169,28,کارگاه روانخوانی,200000,4,yes,16,20,40,20,2,علوم و فنون قرائت,کودک,صحت قرائت,20000,کارگاه روانخوانی
158,186,2,کارگاه روان خوانی,200000,3,no,16,15,20,20,1,علوم و فنون قرائت,جوان,صحت قرائت,20000,کارگاه روان خوانی
142,169,28,کارگاه روانخوانی,200000,4,yes,16,20,40,20,2,علوم و فنون قرائت,جوان,صحت قرائت,20000,کارگاه روانخوانی
456,456,2,تربیت مربی روخوانی و روانخوانی,1000000,12,no,16,15,25,84,1,علوم و فنون قرائت,تربیت مربی,صحت قرائت,100000,تربیت مربی روخوانی و روانخوانی
821,216.2,13.6,طرح آزاد قرائت,200000,3,yes,16,10,66,30,1,علوم و فنون قرائت,نوجوان,صوت و لحن,20000,طرح آزاد قرائت
658.5,223.8,13.9,قرائت تقلیدی,200000,6,yes,16,10,20,NULL,1,علوم و فنون قرائت,نوجوان,صوت و لحن,20000,قرائت تقلیدی
496,231.4,14.2,کارگاه صوت و لحن,200000,3,yes,16,10,57,NULL,1,علوم و فنون قرائت,نوجوان,صوت و لحن,20000,کارگاه صوت و لحن
460,239,14.5,صوت و لحن ویژه حفظ,0,5,yes,16,10,20,100,1,علوم و فنون قرائت,نوجوان,صوت و لحن,0,صوت و لحن ویژه حفظ
388,416,2,طرح آزاد قرائت,200000,5,yes,17,5,40,30,1,علوم و فنون قرائت,جوان,صوت و لحن,20000,طرح آزاد قرائت
62,87,28,قرائت تقلیدی,150000,3,yes,16,15,50,NULL,2,علوم و فنون قرائت,جوان,صوت و لحن,15000,قرائت تقلیدی
63,88,28,کارگاه صوت و لحن,200000,4,yes,16,15,50,NULL,2,علوم و فنون قرائت,جوان,صوت و لحن,20000,کارگاه صوت و لحن
464,441,3,صوت و لحن ویژه حفظ,0,3,yes,17,5,25,100,1,علوم و فنون قرائت,جوان,صوت و لحن,0,صوت و لحن ویژه حفظ
465,437,14,سطح یک مبانی و مزاج شناسی,200000,3,yes,14,1,150,12,9,معارف قرآن و حدیث,جوان,طب اسلامی,20000,سطح یک مبانی و مزاج شناسی
466,438,14,سطح دو روش های تشخیص,200000,3,yes,14,14,200,12,9,معارف قرآن و حدیث,جوان,طب اسلامی,20000,سطح دو روش های تشخیص
467,439,14,سطح سه اعمال یداوی,200000,3,yes,14,1,150,12,9,معارف قرآن و حدیث,جوان,طب اسلامی,20000,سطح سه اعمال یداوی
194,222,23,حدیث شناسی,100000,5,yes,14,20,50,NULL,10,معارف قرآن و حدیث,جوان,علوم حدیث و حدیث خوانی,10000,حدیث شناسی
300,328,15,شرح ادعیه مشهوره,150000,4,yes,14,10,30,NULL,9,معارف قرآن و حدیث,جوان,علوم حدیث و حدیث خوانی,15000,شرح ادعیه مشهوره
381,409,15,شرح نامه ها و حکمتهای نهج البلاغه,350000,40,yes,14,0,100,200,9,معارف قرآن و حدیث,جوان,علوم حدیث و حدیث خوانی,35000,شرح نامه ها و حکمتهای نهج البلاغه
41,66,27,شرح نهج البلاغه,150000,4,yes,14,25,70,40,2,معارف قرآن و حدیث,جوان,علوم حدیث و حدیث خوانی,15000,شرح نهج البلاغه
40,65,27,صحیفه سجادیه,150000,4,yes,14,25,70,40,2,معارف قرآن و حدیث,جوان,علوم حدیث و حدیث خوانی,15000,صحیفه سجادیه
174,202,15,صحیفه سجادیه,200000,4,yes,14,15,100,NULL,9,معارف قرآن و حدیث,جوان,علوم حدیث و حدیث خوانی,20000,صحیفه سجادیه
201,229,23,فراگیری حدیث چهار,0,5,yes,14,15,30,NULL,10,معارف قرآن و حدیث,جوان,علوم حدیث و حدیث خوانی,0,فراگیری حدیث چهار
206,234,23,معرفت حدیث چهار,0,5,yes,14,15,30,NULL,10,معارف قرآن و حدیث,جوان,علوم حدیث و حدیث خوانی,0,معرفت حدیث چهار
203,231,23,معرفت حدیث دو,0,5,yes,14,15,30,NULL,10,معارف قرآن و حدیث,جوان,علوم حدیث و حدیث خوانی,0,معرفت حدیث دو
204,232,23,معرفت حدیث سه,0,5,yes,14,15,30,NULL,10,معارف قرآن و حدیث,جوان,علوم حدیث و حدیث خوانی,0,معرفت حدیث سه
205,233,23,معرفت حدیث سه,0,5,yes,14,15,30,NULL,10,معارف قرآن و حدیث,جوان,علوم حدیث و حدیث خوانی,0,معرفت حدیث سه
202,230,23,معرفت حدیث یک,0,5,yes,14,15,30,NULL,10,معارف قرآن و حدیث,جوان,علوم حدیث و حدیث خوانی,0,معرفت حدیث یک
173,201,15,نهج البلاغه,350000,4,yes,14,15,100,200,9,معارف قرآن و حدیث,جوان,علوم حدیث و حدیث خوانی,35000,نهج البلاغه
319,347,1,ترجمه و مفاهیم اساتید,0,1,yes,15,10,30,48,1,معارف قرآن و حدیث,جوان,علوم قرآن و تفسیر,0,ترجمه و مفاهیم اساتید
260,288,6,ترجمه و مفاهیم صحفه سجادیه,0,0,yes,14,1,9999,15,3,معارف قرآن و حدیث,نوجوان,علوم قرآن و تفسیر,0,ترجمه و مفاهیم صحیفه سجادیه
163,191,1,ترجمه و مفاهیم قرآن سه جلدی,350000,8,yes,15,15,24,55,1,معارف قرآن و حدیث,نوجوان,علوم قرآن و تفسیر,35000,ترجمه و مفاهیم قرآن
164,192,1,ترجمه و مفاهیم قرآن صاعد دوجلدی,350000,6,yes,15,0,0,42,1,معارف قرآن و حدیث,نوجوان,علوم قرآن و تفسیر,35000,ترجمه و مفاهیم قرآن صاعد
23,48,27,ترجمه و مفاهیم قرآن,350000,10,yes,16,15,35,70,2,معارف قرآن و حدیث,نوجوان,علوم قرآن و تفسیر,35000,ترجمه و مفاهیم قرآن کریم
51,76,6,ترجمه و مفاهیم قرآن کریم,0,0,yes,15,1,1000,45,3,معارف قرآن و حدیث,نوجوان,علوم قرآن و تفسیر,0,ترجمه و مفاهیم قرآن کریم
24,49,27,ترجمه و مفاهیم نهج البلاغه,350000,10,yes,15,10,35,63,2,معارف قرآن و حدیث,نوجوان,علوم قرآن و تفسیر,35000,ترجمه و مفاهیم نهج البلاغه
150,177,6,ترجمه و مفاهیم نهج البلاغه,0,10,yes,15,10,999,60,3,معارف قرآن و حدیث,نوجوان,علوم قرآن و تفسیر,0,ترجمه و مفاهیم نهج البلاغه
402,430,1,ترجمه و مفاهیم نهج البلاغه,200000,4,yes,15,20,100,32,1,معارف قرآن و حدیث,نوجوان,علوم قرآن و تفسیر,20000,ترجمه و مفاهیم نهج البلاغه
260,288,6,ترجمه و مفاهیم صحفه سجادیه,0,0,yes,14,1,9999,15,3,معارف قرآن و حدیث,جوان,علوم قرآن و تفسیر,0,ترجمه و مفاهیم صحیفه سجادیه
163,191,1,ترجمه و مفاهیم قرآن سه جلدی,350000,8,yes,15,15,24,55,1,معارف قرآن و حدیث,جوان,علوم قرآن و تفسیر,35000,ترجمه و مفاهیم قرآن
164,192,1,ترجمه و مفاهیم قرآن صاعد دوجلدی,350000,6,yes,15,0,0,42,1,معارف قرآن و حدیث,جوان,علوم قرآن و تفسیر,35000,ترجمه و مفاهیم قرآن صاعد
23,48,27,ترجمه و مفاهیم قرآن,350000,10,yes,16,15,35,70,2,معارف قرآن و حدیث,جوان,علوم قرآن و تفسیر,35000,ترجمه و مفاهیم قرآن کریم
51,76,6,ترجمه و مفاهیم قرآن کریم,0,0,yes,15,1,1000,45,3,معارف قرآن و حدیث,جوان,علوم قرآن و تفسیر,0,ترجمه و مفاهیم قرآن کریم
24,49,27,ترجمه و مفاهیم نهج البلاغه,350000,10,yes,15,10,35,63,2,معارف قرآن و حدیث,جوان,علوم قرآن و تفسیر,35000,ترجمه و مفاهیم نهج البلاغه
150,177,6,ترجمه و مفاهیم نهج البلاغه,0,10,yes,15,10,999,60,3,معارف قرآن و حدیث,جوان,علوم قرآن و تفسیر,0,ترجمه و مفاهیم نهج البلاغه
402,430,1,ترجمه و مفاهیم نهج البلاغه,200000,4,yes,15,20,100,32,1,معارف قرآن و حدیث,جوان,علوم قرآن و تفسیر,20000,ترجمه و مفاهیم نهج البلاغه
266,294,8,ترجمه وتفسیر,350000,6,yes,14,10,50,NULL,9,معارف قرآن و حدیث,جوان,علوم قرآن و تفسیر,35000,ترجمه وتفسیر
213,241,20,تفسیر آسان,100000,24,yes,14,20,50,NULL,10,معارف قرآن و حدیث,جوان,علوم قرآن و تفسیر,10000,تفسیر آسان
71,96,27,تفسیر ترتیبی,300000,6,yes,16,20,100,90,2,معارف قرآن و حدیث,جوان,علوم قرآن و تفسیر,30000,تفسیر ترتیبی
172,200,8,تفسیر ترتیبی,350000,25,yes,14,15,150,125,9,معارف قرآن و حدیث,جوان,علوم قرآن و تفسیر,35000,تفسیر ترتیبی
372,400,8,تفسیر ترتیبی پنج جزء اول,350000,25,yes,14,0,100,125,9,معارف قرآن و حدیث,جوان,علوم قرآن و تفسیر,35000,تفسیر ترتیبی پنج جزء اول
365,393,8,تفسیر ترتیبی پنج جزء چهارم,350000,25,yes,14,1,150,125,9,معارف قرآن و حدیث,جوان,علوم قرآن و تفسیر,35000,تفسیر ترتیبی پنج جزء چهارم
360,388,8,تفسیر ترتیبی پنج جزء دوم,350000,25,yes,14,0,200,125,9,معارف قرآن و حدیث,جوان,علوم قرآن و تفسیر,35000,تفسیر ترتیبی پنج جزء دوم
363,391,8,تفسیر ترتیبی پنج جزء سوم,350000,25,yes,14,0,100,125,9,معارف قرآن و حدیث,جوان,علوم قرآن و تفسیر,35000,تفسیر ترتیبی پنج جزء سوم
168,196,8,تفسیر تنزیلی عفاف وحجاب,300000,6,yes,14,15,110,NULL,9,معارف قرآن و حدیث,جوان,علوم قرآن و تفسیر,30000,تفسیر تنزیلی عفاف وحجاب
39,64,27,تفسیر دو روز در هفته,150000,4,yes,14,25,70,NULL,2,معارف قرآن و حدیث,جوان,علوم قرآن و تفسیر,15000,تفسیر دو روز در هفته
181,209,8,تفسیر سور منتخب,350000,6,yes,14,15,75,NULL,9,معارف قرآن و حدیث,جوان,علوم قرآن و تفسیر,35000,تفسیر سور منتخب
391,419,8,تفسیر سوره یس,200000,3,yes,14,1,100,12,9,معارف قرآن و حدیث,جوان,علوم قرآن و تفسیر,20000,تفسیر سوره یس
384,412,3,تفسیر منتخب,0,3,yes,12,5,20,100,1,معارف قرآن و حدیث,جوان,علوم قرآن و تفسیر,0,تفسیر منتخب
34,59,27,تفسیر موضوعی,250000,2,yes,14,25,70,NULL,1,معارف قرآن و حدیث,جوان,علوم قرآن و تفسیر,25000,تفسیر موضوعی
52,77,6,سیر مطالعاتی تفسیر قرآن کریم پنج جزء اول,0,0,yes,14,1,1000,75,3,معارف قرآن و حدیث,جوان,علوم قرآن و تفسیر,0,سیر مطالعاتی تفسیر قرآن کریم پنج جزء اول
75,100,6,سیر مطالعاتی تفسیر قرآن کریم پنج جزء پنجم,0,0,yes,12,1,1000,75,3,معارف قرآن و حدیث,جوان,علوم قرآن و تفسیر,0,سیر مطالعاتی تفسیر قرآن کریم پنج جزء پنجم
74,99,6,سیر مطالعاتی تفسیر قرآن کریم پنج جزء چهارم,0,0,yes,12,1,1000,75,3,معارف قرآن و حدیث,جوان,علوم قرآن و تفسیر,0,سیر مطالعاتی تفسیر قرآن کریم پنج جزء چهارم
72,97,6,سیر مطالعاتی تفسیر قرآن کریم پنج جزء دوم,0,0,yes,12,1,1000,75,3,معارف قرآن و حدیث,جوان,علوم قرآن و تفسیر,0,سیر مطالعاتی تفسیر قرآن کریم پنج جزء دوم
73,98,6,سیر مطالعاتی تفسیر قرآن کریم پنج جزء سوم,0,0,yes,12,1,1000,75,3,معارف قرآن و حدیث,جوان,علوم قرآن و تفسیر,0,سیر مطالعاتی تفسیر قرآن کریم پنج جزء سوم
76,101,6,سیر مطالعاتی تفسیر قرآن کریم پنج جزء ششم,0,0,yes,12,1,1000,75,3,معارف قرآن و حدیث,جوان,علوم قرآن و تفسیر,0,سیر مطالعاتی تفسیر قرآن کریم پنج جزء ششم
371,399,8,شرح آیات قیامت,200000,3,yes,14,10,100,15,9,معارف قرآن و حدیث,جوان,علوم قرآن و تفسیر,20000,شرح آیات قیامت
311,339,27,مصحف پنج جزء ششم,200000,4,yes,15,10,30,60,2,معارف قرآن و حدیث,جوان,علوم قرآن و تفسیر,20000,مصحف پنج جزء ششم
218,246,30,علوم قرآن,0,0,no,15,10,30,NULL,2,معارف قرآن و حدیث,جوان,علوم قرآن و تفسیر,0,علوم قرآن
383,411,3,علوم قرآن,0,3,yes,12,5,20,100,1,معارف قرآن و حدیث,جوان,علوم قرآن و تفسیر,0,علوم قرآن
60,85,27,قرآن صاعد,300000,7,yes,16,15,50,42,2,معارف قرآن و حدیث,جوان,علوم قرآن و تفسیر,30000,قرآن صاعد
132,157,6,قرآن صاعد,0,0,yes,15,10,999,30,3,معارف قرآن و حدیث,جوان,علوم قرآن و تفسیر,0,قرآن صاعد
261,289,1,قصص قرآنی,250000,7,yes,14,10,30,30,1,معارف قرآن و حدیث,جوان,علوم قرآن و تفسیر,25000,قصص قرآنی
267,295,8,گلبرگهای قرآنی,200000,4,yes,14,10,25,NULL,9,معارف قرآن و حدیث,جوان,علوم قرآن و تفسیر,20000,گلبرگهای قرآنی
25,50,27,مصحف پانزده جزء اول,350000,4,yes,15,10,35,216,2,معارف قرآن و حدیث,جوان,علوم قرآن و تفسیر,35000,مصحف پانزده جزء اول
233,261,27,مصحف پانزده جزء دوم,350000,4,yes,15,10,35,216,2,معارف قرآن و حدیث,جوان,علوم قرآن و تفسیر,35000,مصحف پانزده جزء دوم
403,431,1,مصحف پانزده جزء دوم,0,2,yes,15,10,60,150,1,معارف قرآن و حدیث,جوان,علوم قرآن و تفسیر,0,مصحف پانزده جزء دوم
207,235,6,مصحف پنج جزء اول,0,10,yes,15,10,999,50,3,معارف قرآن و حدیث,جوان,علوم قرآن و تفسیر,0,مصحف پنج جزء اول
306,334,27,مصحف پنج جزء اول,350000,4,yes,15,10,35,72,2,معارف قرآن و حدیث,جوان,علوم قرآن و تفسیر,35000,مصحف پنج جزء اول
211,239,6,مصحف پنج جزء پنجم,0,10,yes,15,1,999,50,3,معارف قرآن و حدیث,جوان,علوم قرآن و تفسیر,0,مصحف پنج جزء پنجم
310,338,27,مصحف پنج جزء پنجم,350000,4,yes,15,10,35,72,2,معارف قرآن و حدیث,جوان,علوم قرآن و تفسیر,35000,مصحف پنج جزء پنجم
210,238,6,مصحف پنج جزء چهارم,0,10,yes,15,1,999,50,3,معارف قرآن و حدیث,جوان,علوم قرآن و تفسیر,0,مصحف پنج جزء چهارم
309,337,27,مصحف پنج جزء چهارم,350000,4,yes,15,10,35,72,2,معارف قرآن و حدیث,جوان,علوم قرآن و تفسیر,35000,مصحف پنج جزء چهارم
208,236,6,مصحف پنج جزء دوم,0,10,yes,15,1,999,50,3,معارف قرآن و حدیث,جوان,علوم قرآن و تفسیر,0,مصحف پنج جزء دوم
307,335,27,مصحف پنج جزء دوم,350000,4,yes,15,10,35,72,2,معارف قرآن و حدیث,جوان,علوم قرآن و تفسیر,35000,مصحف پنج جزء دوم
209,237,6,مصحف پنج جزء سوم,0,10,yes,15,1,999,50,3,معارف قرآن و حدیث,جوان,علوم قرآن و تفسیر,0,مصحف پنج جزء سوم
308,336,27,مصحف پنج جزء سوم,350000,4,yes,15,10,35,72,2,معارف قرآن و حدیث,جوان,علوم قرآن و تفسیر,35000,مصحف پنج جزء سوم
212,240,6,مصحف پنج جزء ششم,0,10,yes,15,1,999,50,3,معارف قرآن و حدیث,جوان,علوم قرآن و تفسیر,0,مصحف پنج جزء ششم
312,340,27,مصحف پنج جزء ششم,350000,4,yes,15,10,35,72,2,معارف قرآن و حدیث,جوان,علوم قرآن و تفسیر,35000,مصحف پنج جزء ششم
165,193,1,مصحف و قرآن صاعد پانزده جزء اول,350000,2,yes,15,15,20,360,1,معارف قرآن و حدیث,جوان,علوم قرآن و تفسیر,35000,مصحف و قرآن صاعد پانزده جزء اول
542,440,8,تفسیر سوره یس از آیه چهل و یک تا هشتاد و سه,350000,5,yes,14,14,100,24,9,معارف قرآن و حدیث,جوان,علوم قرآن و تفسیر,35000,تفسیر سوره یس از آیه چهل و یک تا هشتاد و سه
385,413,3,ادبیات عرب,0,3,yes,12,5,20,NULL,1,علوم و فنون قرائت,جوان,عمومی,0,ادبیات عرب
400,428,34,تست طرح با گواهی نامه,0,1,yes,10,1,10,NULL,11,علوم و فنون قرائت,جوان,عمومی,0,تست طرح با گواهی نامه
401,429,34,تست طرح بدون گواهی نامه,0,1,no,10,1,10,NULL,11,علوم و فنون قرائت,جوان,عمومی,0,تست طرح بدون گواهی نامه
54,79,6,سیر مطالعاتی اندیشه های مقام معظم رهبری,0,0,yes,16,1,1000,60,3,معارف قرآن و حدیث,جوان,عمومی,0,سیر مطالعاتی اندیشه های مقام معظم رهبری
53,78,6,سیر مطالعاتی آثار شهید مطهری مرحله اول,0,0,yes,14,1,1000,100,3,معارف قرآن و حدیث,جوان,عمومی,0,سیر مطالعاتی آثار شهید مطهری مرحله اول
77,102,6,سیر مطالعاتی آثار شهید مطهری مرحله دوم,0,0,yes,14,1,1000,100,3,معارف قرآن و حدیث,جوان,عمومی,0,سیر مطالعاتی آثار شهید مطهری مرحله دوم
317,345,30,صرف و نحو مقدماتی,300000,6,yes,15,10,40,90,2,علوم و فنون قرائت,جوان,عمومی,30000,صرف و نحو مقدماتی
392,420,10,کارگاه هنری,200000,3,yes,14,1,100,12,9,معارف قرآن و حدیث,جوان,عمومی,20000,کارگاه هنری
198,226,19,هنر خطابه,100000,3,yes,14,20,50,NULL,10,معارف قرآن و حدیث,جوان,عمومی,10000,هنر خطابه
552,444,13,شیوه زندگی و بندگی,200000,3,yes,14,14,100,12,9,معارف قرآن و حدیث,جوان,عمومی,20000,شیوه زندگی و بندگی
553,446,10,هنرهای تبلیغی,200000,3,yes,14,14,30,12,9,معارف قرآن و حدیث,جوان,عمومی,20000,هنرهای تبلیغی
554,447,10,مهارت های اجرایی انتقال مفاهیم دینی به کودک,200000,3,yes,1,14,30,12,9,معارف قرآن و حدیث,جوان,عمومی,20000,مهارت های اجرایی انتقال مفاهیم دینی به کودک
555,448,10,دوستی ها و ارتباطات نوجوانی,200000,3,yes,14,14,30,12,9,معارف قرآن و حدیث,جوان,عمومی,20000,دوستی ها و ارتباطات نوجوانی
228,256,30,آموزش قرائت گرایش تحقیق,0,0,no,17,10,25,NULL,2,علوم و فنون قرائت,جوان,قرائت,0,آموزش قرائت گرایش تحقیق
8,32,28,روخوانی و روانخوانی شصت جلسه ای,350000,12,yes,16,15,35,NULL,2,علوم و فنون قرائت,جوان,قرائت,35000,روخوانی و روانخوانی
361,389,2,صوت و لحن آزمایشی,350000,5,no,18,10,15,35,1,علوم و فنون قرائت,نوجوان,قرائت,35000,صوت و لحن آزمایشی
356,384,2,صوت و لحن تخصصی,200000,3,no,16,10,15,20,1,علوم و فنون قرائت,نوجوان,قرائت,20000,صوت و لحن تخصصی
65,90,28,صوت و لحن تکمیلی,200000,4,yes,16,15,50,NULL,2,علوم و فنون قرائت,نوجوان,قرائت,20000,صوت و لحن تکمیلی
355,383,2,صوت و لحن تکمیلی دو,200000,3,no,16,10,15,20,1,علوم و فنون قرائت,نوجوان,قرائت,20000,صوت و لحن تکمیلی دو
259,287,2,صوت و لحن تکمیلی یک,200000,3,no,16,10,15,25,1,علوم و فنون قرائت,نوجوان,قرائت,20000,صوت و لحن تکمیلی یک
7,31,28,صوت و لحن مقدماتی,200000,4,yes,16,12,50,NULL,2,علوم و فنون قرائت,نوجوان,قرائت,20000,صوت و لحن مقدماتی
156,184,2,صوت و لحن مقدماتی,200000,4,no,16,15,20,25,1,علوم و فنون قرائت,نوجوان,قرائت,20000,صوت و لحن مقدماتی
95,120,3,مبین جزء بیست و شش الی سی,250000,3,yes,16,6,12,NULL,1,حفظ قرآن و حدیث,نوجوان,مبین,25000,مبین جزء بیست و شش الی سی
94,119,3,مبین جزء بیست و یک الی بیست و پنج,250000,3,yes,16,4,8,NULL,1,حفظ قرآن و حدیث,نوجوان,مبین,25000,مبین جزء بیست و یک الی بیست و پنج
93,118,3,مبین جزء شانزده الی بیست,250000,3,yes,16,4,8,NULL,1,حفظ قرآن و حدیث,نوجوان,مبین,25000,مبین جزء شانزده الی بیست
91,116,3,مبین جزء شش الی ده,250000,3,yes,16,4,8,NULL,1,حفظ قرآن و حدیث,نوجوان,مبین,25000,مبین جزء شش الی ده
92,117,3,مبین جزء یازده الی پانزده,250000,3,yes,16,4,8,NULL,1,حفظ قرآن و حدیث,نوجوان,مبین,25000,مبین جزء یازده الی پانزده
90,115,3,مبین جزء یک الی پنج,250000,3,yes,16,4,8,NULL,1,حفظ قرآن و حدیث,نوجوان,مبین,25000,مبین جزء یک الی پنج
361,389,2,صوت و لحن آزمایشی,350000,5,no,18,10,15,35,1,علوم و فنون قرائت,جوان,قرائت,35000,صوت و لحن آزمایشی
356,384,2,صوت و لحن تخصصی,200000,3,no,16,10,15,20,1,علوم و فنون قرائت,جوان,قرائت,20000,صوت و لحن تخصصی
65,90,28,صوت و لحن تکمیلی,200000,4,yes,16,15,50,NULL,2,علوم و فنون قرائت,جوان,قرائت,20000,صوت و لحن تکمیلی
355,383,2,صوت و لحن تکمیلی دو,200000,3,no,16,10,15,20,1,علوم و فنون قرائت,جوان,قرائت,20000,صوت و لحن تکمیلی دو
259,287,2,صوت و لحن تکمیلی یک,200000,3,no,16,10,15,25,1,علوم و فنون قرائت,جوان,قرائت,20000,صوت و لحن تکمیلی یک
7,31,28,صوت و لحن مقدماتی,200000,4,yes,16,12,50,NULL,2,علوم و فنون قرائت,جوان,قرائت,20000,صوت و لحن مقدماتی
156,184,2,صوت و لحن مقدماتی,200000,4,no,16,15,20,25,1,علوم و فنون قرائت,جوان,قرائت,20000,صوت و لحن مقدماتی
95,120,3,مبین جزء بیست و شش الی سی,250000,3,yes,16,6,12,NULL,1,حفظ قرآن و حدیث,جوان,مبین,25000,مبین جزء بیست و شش الی سی
94,119,3,مبین جزء بیست و یک الی بیست و پنج,250000,3,yes,16,4,8,NULL,1,حفظ قرآن و حدیث,جوان,مبین,25000,مبین جزء بیست و یک الی بیست و پنج
93,118,3,مبین جزء شانزده الی بیست,250000,3,yes,16,4,8,NULL,1,حفظ قرآن و حدیث,جوان,مبین,25000,مبین جزء شانزده الی بیست
91,116,3,مبین جزء شش الی ده,250000,3,yes,16,4,8,NULL,1,حفظ قرآن و حدیث,جوان,مبین,25000,مبین جزء شش الی ده
92,117,3,مبین جزء یازده الی پانزده,250000,3,yes,16,4,8,NULL,1,حفظ قرآن و حدیث,جوان,مبین,25000,مبین جزء یازده الی پانزده
90,115,3,مبین جزء یک الی پنج,250000,3,yes,16,4,8,NULL,1,حفظ قرآن و حدیث,جوان,مبین,25000,مبین جزء یک الی پنج
127,152,1,مداحی بزرگسال,350000,4,yes,50,15,20,25,1,معارف قرآن و حدیث,جوان,مداحی,35000,مداحی بزرگسال
187,215,25,مداحی بزرگسال,250000,5,yes,75,15,25,NULL,10,معارف قرآن و حدیث,جوان,مداحی,25000,مداحی بزرگسال
55,80,1,مداحی نوجوان,350000,5,no,50,15,35,35,1,معارف قرآن و حدیث,نوجوان,مداحی,35000,مداحی نوجوان
188,216,25,مداحی نوجوان,250000,5,yes,75,15,25,NULL,10,معارف قرآن و حدیث,نوجوان,مداحی,25000,مداحی نوجوان
377,405,1,مداحی نوجوان سطح پنج,350000,5,no,16,10,20,35,1,معارف قرآن و حدیث,نوجوان,مداحی,35000,مداحی نوجوان سطح پنج
376,404,1,مداحی نوجوان سطح چهار,350000,5,no,16,10,20,35,1,معارف قرآن و حدیث,نوجوان,مداحی,35000,مداحی نوجوان سطح چهار
374,402,1,مداحی نوجوان سطح دو,350000,5,no,16,15,35,35,1,معارف قرآن و حدیث,نوجوان,مداحی,35000,مداحی نوجوان سطح دو
375,403,1,مداحی نوجوان سطح سه,350000,5,no,16,15,25,35,1,معارف قرآن و حدیث,نوجوان,مداحی,35000,مداحی نوجوان سطح سه
378,406,1,مداحی نوجوان سطح شش,350000,5,no,16,10,20,35,1,معارف قرآن و حدیث,نوجوان,مداحی,35000,مداحی نوجوان سطح شش
380,408,1,مداحی نوجوان سطح هشت,350000,5,no,16,10,20,35,1,معارف قرآن و حدیث,نوجوان,مداحی,35000,مداحی نوجوان سطح هشت
379,407,1,مداحی نوجوان سطح هفت,350000,5,no,16,10,20,35,1,معارف قرآن و حدیث,نوجوان,مداحی,35000,مداحی نوجوان سطح هفت
373,401,1,مداحی نوجوان سطح یک,350000,5,no,16,15,35,35,1,معارف قرآن و حدیث,نوجوان,مداحی,35000,مداحی نوجوان سطح یک
596,436,13,درسنامه مهدویت سه و چهار,200000,3,yes,14,1,120,12,9,معارف قرآن و حدیث,جوان,مهدویت,20000,درسنامه مهدویت سه و چهار
101,126,3,هدی جزء بیست و شش الی سی,250000,3,yes,16,6,16,NULL,1,حفظ قرآن و حدیث,نوجوان,هدی,25000,هدی جزء بیست و شش الی سی
100,125,3,هدی جزء بیست و یک الی بیست و پنج,250000,3,yes,16,6,16,NULL,1,حفظ قرآن و حدیث,نوجوان,هدی,25000,هدی جزء بیست و یک الی بیست و پنج
99,124,3,هدی جزء شانزده الی بیست,250000,3,yes,16,6,16,NULL,1,حفظ قرآن و حدیث,نوجوان,هدی,25000,هدی جزء شانزده الی بیست
97,122,3,هدی جزء شش الی ده,250000,3,yes,16,10,16,NULL,1,حفظ قرآن و حدیث,نوجوان,هدی,25000,هدی جزء شش الی ده
98,123,3,هدی جزء یازده الی پانزده,250000,3,yes,16,10,16,NULL,1,حفظ قرآن و حدیث,نوجوان,هدی,25000,هدی جزء یازده الی پانزده
96,121,3,هدی جزء یک الی پنج,250000,3,yes,16,4,8,NULL,1,حفظ قرآن و حدیث,نوجوان,هدی,25000,هدی جزء یک الی پنج
101,126,3,هدی جزء بیست و شش الی سی,250000,3,yes,16,6,16,NULL,1,حفظ قرآن و حدیث,جوان,هدی,25000,هدی جزء بیست و شش الی سی
100,125,3,هدی جزء بیست و یک الی بیست و پنج,250000,3,yes,16,6,16,NULL,1,حفظ قرآن و حدیث,جوان,هدی,25000,هدی جزء بیست و یک الی بیست و پنج
99,124,3,هدی جزء شانزده الی بیست,250000,3,yes,16,6,16,NULL,1,حفظ قرآن و حدیث,جوان,هدی,25000,هدی جزء شانزده الی بیست
97,122,3,هدی جزء شش الی ده,250000,3,yes,16,10,16,NULL,1,حفظ قرآن و حدیث,جوان,هدی,25000,هدی جزء شش الی ده
98,123,3,هدی جزء یازده الی پانزده,250000,3,yes,16,10,16,NULL,1,حفظ قرآن و حدیث,جوان,هدی,25000,هدی جزء یازده الی پانزده
96,121,3,هدی جزء یک الی پنج,250000,3,yes,16,4,8,NULL,1,حفظ قرآن و حدیث,جوان,هدی,25000,هدی جزء یک الی پنج
